year,month,division,section,noofbookings,delivered,_source_file,date,month_iso
2024,12,1,BAHADURPURA,8,8,tankers_reports_2024_12.csv,2024-12-01,2024-12
2024,12,1,CHANUDLAL BHARADARI,3,3,tankers_reports_2024_12.csv,2024-12-01,2024-12
2024,12,1,DARUL SHIFA,1,1,tankers_reports_2024_12.csv,2024-12-01,2024-12
2024,12,1,DHOOD BOWLI,4,4,tankers_reports_2024_12.csv,2024-12-01,2024-12
2024,12,1,HASSAN NAGAR,2,2,tankers_reports_2024_12.csv,2024-12-01,2024-12
2024,12,1,M.R.G.FILTERS,1,1,tankers_reports_2024_12.csv,2024-12-01,2024-12
2024,12,1,MOGHULPURA,1,1,tankers_reports_2024_12.csv,2024-12-01,2024-12
2024,12,1,VATTEPALLY,1,1,tankers_reports_2024_12.csv,2024-12-01,2024-12
2024,12,2,ASMANGARH,58,58,tankers_reports_2024_12.csv,2024-12-01,2024-12
2024,12,2,AZAMPURA,2,2,tankers_reports_2024_12.csv,2024-12-01,2024-12
2024,12,2,CHANCHALGUDA,8,8,tankers_reports_2024_12.csv,2024-12-01,2024-12
2024,12,2,MADANNAPET,8,8,tankers_reports_2024_12.csv,2024-12-01,2024-12
2024,12,2,MALAKPET,20,20,tankers_reports_2024_12.csv,2024-12-01,2024-12
2024,12,2,MOOSARAMBAGH,80,80,tankers_reports_2024_12.csv,2024-12-01,2024-12
2024,12,2,SAIDABAD,64,64,tankers_reports_2024_12.csv,2024-12-01,2024-12
2024,12,2,SANTOSHNAGAR,6,6,tankers_reports_2024_12.csv,2024-12-01,2024-12
2024,12,2,VINAY NAGAR (DIV 2 (a)),7,7,tankers_reports_2024_12.csv,2024-12-01,2024-12
2024,12,2,YAKATPURA,1,1,tankers_reports_2024_12.csv,2024-12-01,2024-12
2024,12,3,AHMED NAGAR,65,65,tankers_reports_2024_12.csv,2024-12-01,2024-12
2024,12,3,ASIF NAGAR,26,26,tankers_reports_2024_12.csv,2024-12-01,2024-12
2024,12,3,CHINTAL BASTHI,130,130,tankers_reports_2024_12.csv,2024-12-01,2024-12
2024,12,3,GOLCONDA,5,5,tankers_reports_2024_12.csv,2024-12-01,2024-12
2024,12,3,HAKEEMPET,112,112,tankers_reports_2024_12.csv,2024-12-01,2024-12
2024,12,3,KAKATIYA NAGAR,130,130,tankers_reports_2024_12.csv,2024-12-01,2024-12
2024,12,3,KARWAN,4,4,tankers_reports_2024_12.csv,2024-12-01,2024-12
2024,12,3,LANGER HOUSE,18,18,tankers_reports_2024_12.csv,2024-12-01,2024-12
2024,12,3,MEHIDIPATNAM,124,124,tankers_reports_2024_12.csv,2024-12-01,2024-12
2024,12,3,OLD MALLEPALLY,27,27,tankers_reports_2024_12.csv,2024-12-01,2024-12
2024,12,3,SHAIKPET,553,553,tankers_reports_2024_12.csv,2024-12-01,2024-12
2024,12,3,TAPPA CHABUTRA,19,19,tankers_reports_2024_12.csv,2024-12-01,2024-12
2024,12,3,TOLI CHOWK,334,334,tankers_reports_2024_12.csv,2024-12-01,2024-12
2024,12,3,VIJAYNAGAR COLONY,434,434,tankers_reports_2024_12.csv,2024-12-01,2024-12
2024,12,4,ALLABANDA,1,1,tankers_reports_2024_12.csv,2024-12-01,2024-12
2024,12,4,GODE-KI-KABAR,25,25,tankers_reports_2024_12.csv,2024-12-01,2024-12
2024,12,4,GOWLIGUDA,13,13,tankers_reports_2024_12.csv,2024-12-01,2024-12
2024,12,4,GUNFOUNDRY,253,253,tankers_reports_2024_12.csv,2024-12-01,2024-12
2024,12,4,HINDI NAGAR,42,42,tankers_reports_2024_12.csv,2024-12-01,2024-12
2024,12,4,RED HILLS HIGH LEVEL,329,329,tankers_reports_2024_12.csv,2024-12-01,2024-12
2024,12,4,RED HILLS LOW LEVEL,68,68,tankers_reports_2024_12.csv,2024-12-01,2024-12
2024,12,4,SULTAN BAZAR,64,64,tankers_reports_2024_12.csv,2024-12-01,2024-12
2024,12,4,ZIAGUDA,5,5,tankers_reports_2024_12.csv,2024-12-01,2024-12
2024,12,5,ADIKMET,36,36,tankers_reports_2024_12.csv,2024-12-01,2024-12
2024,12,5,AMBERPET,7,7,tankers_reports_2024_12.csv,2024-12-01,2024-12
2024,12,5,AZAMABAD,284,284,tankers_reports_2024_12.csv,2024-12-01,2024-12
2024,12,5,BAGH LINGAMPALLY,207,207,tankers_reports_2024_12.csv,2024-12-01,2024-12
2024,12,5,BARKATPURA,146,146,tankers_reports_2024_12.csv,2024-12-01,2024-12
2024,12,5,BOATS CLUB,41,41,tankers_reports_2024_12.csv,2024-12-01,2024-12
2024,12,5,DOMALGUDA,40,40,tankers_reports_2024_12.csv,2024-12-01,2024-12
2024,12,5,GANDHINAGAR,257,257,tankers_reports_2024_12.csv,2024-12-01,2024-12
2024,12,5,MUSHEERABAD,90,90,tankers_reports_2024_12.csv,2024-12-01,2024-12
2024,12,5,NARAYANGUDA,404,404,tankers_reports_2024_12.csv,2024-12-01,2024-12
2024,12,5,SHIVAM,137,137,tankers_reports_2024_12.csv,2024-12-01,2024-12
2024,12,5,VIGYANPURI,55,55,tankers_reports_2024_12.csv,2024-12-01,2024-12
2024,12,6,BANJARA HILLS,1866,1866,tankers_reports_2024_12.csv,2024-12-01,2024-12
2024,12,6,BORABANDA,195,195,tankers_reports_2024_12.csv,2024-12-01,2024-12
2024,12,6,ERRAGADDA,395,395,tankers_reports_2024_12.csv,2024-12-01,2024-12
2024,12,6,FATHENAGAR,589,589,tankers_reports_2024_12.csv,2024-12-01,2024-12
2024,12,6,FILM NAGAR,304,304,tankers_reports_2024_12.csv,2024-12-01,2024-12
2024,12,6,JUBILEE HILLS,1660,1660,tankers_reports_2024_12.csv,2024-12-01,2024-12
2024,12,6,S.P.R HILLS,224,224,tankers_reports_2024_12.csv,2024-12-01,2024-12
2024,12,6,S.R.NAGAR,2824,2824,tankers_reports_2024_12.csv,2024-12-01,2024-12
2024,12,6,SOMAJIGUDA,1128,1128,tankers_reports_2024_12.csv,2024-12-01,2024-12
2024,12,6,THATTIKHANA,514,514,tankers_reports_2024_12.csv,2024-12-01,2024-12
2024,12,6,VENGALRAONAGAR,712,712,tankers_reports_2024_12.csv,2024-12-01,2024-12
2024,12,6,YELLAREDDYGUDA,493,493,tankers_reports_2024_12.csv,2024-12-01,2024-12
2024,12,7,BOIGUDA,29,29,tankers_reports_2024_12.csv,2024-12-01,2024-12
2024,12,7,BOUDHANAGAR,23,23,tankers_reports_2024_12.csv,2024-12-01,2024-12
2024,12,7,HUSSAINSAGAR,42,42,tankers_reports_2024_12.csv,2024-12-01,2024-12
2024,12,7,LALAPET,6,6,tankers_reports_2024_12.csv,2024-12-01,2024-12
2024,12,7,MARREDPALLY,181,181,tankers_reports_2024_12.csv,2024-12-01,2024-12
2024,12,7,METTUGUDA,17,17,tankers_reports_2024_12.csv,2024-12-01,2024-12
2024,12,7,NALLAGUTTA,22,22,tankers_reports_2024_12.csv,2024-12-01,2024-12
2024,12,7,PRAKASHNAGAR,347,347,tankers_reports_2024_12.csv,2024-12-01,2024-12
2024,12,7,REGIMENTAL BAZAR,83,83,tankers_reports_2024_12.csv,2024-12-01,2024-12
2024,12,7,SEETHAPALMANDI,62,62,tankers_reports_2024_12.csv,2024-12-01,2024-12
2024,12,7,SRINIVAS NAGAR,88,88,tankers_reports_2024_12.csv,2024-12-01,2024-12
2024,12,7,TARNAKA,282,282,tankers_reports_2024_12.csv,2024-12-01,2024-12
2024,12,8,ALIABAD,1,1,tankers_reports_2024_12.csv,2024-12-01,2024-12
2024,12,8,BALAPUR,3,3,tankers_reports_2024_12.csv,2024-12-01,2024-12
2024,12,8,BANDLAGUDA,9,9,tankers_reports_2024_12.csv,2024-12-01,2024-12
2024,12,8,JAHANUMA,1,1,tankers_reports_2024_12.csv,2024-12-01,2024-12
2024,12,8,JANGAMMET,3,3,tankers_reports_2024_12.csv,2024-12-01,2024-12
2024,12,8,KANCHANBAGH,1,1,tankers_reports_2024_12.csv,2024-12-01,2024-12
2024,12,9,BALAJINAGAR (DIV 9),2241,2241,tankers_reports_2024_12.csv,2024-12-01,2024-12
2024,12,9,BALANAGAR,36,36,tankers_reports_2024_12.csv,2024-12-01,2024-12
2024,12,9,BHAGYANAGAR,792,792,tankers_reports_2024_12.csv,2024-12-01,2024-12
2024,12,9,BHARATHNAGAR,49,49,tankers_reports_2024_12.csv,2024-12-01,2024-12
2024,12,9,GAYATRI NAGAR,2339,2339,tankers_reports_2024_12.csv,2024-12-01,2024-12
2024,12,9,HASMATHPET,450,450,tankers_reports_2024_12.csv,2024-12-01,2024-12
2024,12,9,KPHB,2751,2751,tankers_reports_2024_12.csv,2024-12-01,2024-12
2024,12,9,KUKATPALLY,147,146,tankers_reports_2024_12.csv,2024-12-01,2024-12
2024,12,9,MOOSAPET,235,235,tankers_reports_2024_12.csv,2024-12-01,2024-12
2024,12,9,MOTI NAGAR,258,258,tankers_reports_2024_12.csv,2024-12-01,2024-12
2024,12,9,VIVEKANANDA NAGAR,121,121,tankers_reports_2024_12.csv,2024-12-01,2024-12
2024,12,9,YELLAMMABANDA,136,136,tankers_reports_2024_12.csv,2024-12-01,2024-12
2024,12,10,ALKAPURI,353,353,tankers_reports_2024_12.csv,2024-12-01,2024-12
2024,12,10,DILSHUKNAGAR,104,104,tankers_reports_2024_12.csv,2024-12-01,2024-12
2024,12,10,KOTHAPETA,56,56,tankers_reports_2024_12.csv,2024-12-01,2024-12
2024,12,10,LINGOJIGUDA,75,75,tankers_reports_2024_12.csv,2024-12-01,2024-12
2024,12,10,MARUTHINAGAR (DIV 10),205,205,tankers_reports_2024_12.csv,2024-12-01,2024-12
2024,12,10,SAHEBNAGAR (DIV 10),58,58,tankers_reports_2024_12.csv,2024-12-01,2024-12
2024,12,10,SAROORNAGAR,250,250,tankers_reports_2024_12.csv,2024-12-01,2024-12
2024,12,10,VAISHALINAGAR (DIV 10),52,52,tankers_reports_2024_12.csv,2024-12-01,2024-12
2024,12,11,AUTONAGAR,27,27,tankers_reports_2024_12.csv,2024-12-01,2024-12
2024,12,11,B.N.REDDY NAGAR,15,15,tankers_reports_2024_12.csv,2024-12-01,2024-12
2024,12,11,KAMALANAGAR,31,31,tankers_reports_2024_12.csv,2024-12-01,2024-12
2024,12,11,L.B.NAGAR,35,35,tankers_reports_2024_12.csv,2024-12-01,2024-12
2024,12,11,MANSOORABAD,31,31,tankers_reports_2024_12.csv,2024-12-01,2024-12
2024,12,11,NAGOLE,11,11,tankers_reports_2024_12.csv,2024-12-01,2024-12
2024,12,11,NGO COLONY,37,37,tankers_reports_2024_12.csv,2024-12-01,2024-12
2024,12,11,VANASTHALIPURAM,68,68,tankers_reports_2024_12.csv,2024-12-01,2024-12
2024,12,12,ADARSHNAGAR,13,13,tankers_reports_2024_12.csv,2024-12-01,2024-12
2024,12,12,Bhagatsingh Nagar,12,12,tankers_reports_2024_12.csv,2024-12-01,2024-12
2024,12,12,CHINTAL,38,38,tankers_reports_2024_12.csv,2024-12-01,2024-12
2024,12,12,GAJULARAMARAM,189,189,tankers_reports_2024_12.csv,2024-12-01,2024-12
2024,12,12,JEEDIMETLA,57,57,tankers_reports_2024_12.csv,2024-12-01,2024-12
2024,12,12,Jagathgirigutta,45,45,tankers_reports_2024_12.csv,2024-12-01,2024-12
2024,12,12,SHAPOORNAGAR,163,163,tankers_reports_2024_12.csv,2024-12-01,2024-12
2024,12,12,SURARAM,85,85,tankers_reports_2024_12.csv,2024-12-01,2024-12
2024,12,12,USHODAYA,49,49,tankers_reports_2024_12.csv,2024-12-01,2024-12
2024,12,12,suchitra,155,155,tankers_reports_2024_12.csv,2024-12-01,2024-12
2024,12,13,ALWAL (Div13),34,34,tankers_reports_2024_12.csv,2024-12-01,2024-12
2024,12,13,CHANUKYAPURI,231,231,tankers_reports_2024_12.csv,2024-12-01,2024-12
2024,12,13,DEFENCE COLONY,118,118,tankers_reports_2024_12.csv,2024-12-01,2024-12
2024,12,13,FATHER BALAIAHNAGAR (Div13),297,297,tankers_reports_2024_12.csv,2024-12-01,2024-12
2024,12,13,GOWTHAM NAGAR,231,231,tankers_reports_2024_12.csv,2024-12-01,2024-12
2024,12,13,MACHABOLLARAM,84,84,tankers_reports_2024_12.csv,2024-12-01,2024-12
2024,12,13,SAINATHPURAM,204,204,tankers_reports_2024_12.csv,2024-12-01,2024-12
2024,12,13,VAJPAYEE NAGAR,73,73,tankers_reports_2024_12.csv,2024-12-01,2024-12
2024,12,13,VENKATAPURAM,78,78,tankers_reports_2024_12.csv,2024-12-01,2024-12
2024,12,13,YAPRAL (Div13),143,143,tankers_reports_2024_12.csv,2024-12-01,2024-12
2024,12,14,CHERLAPALLY,16,16,tankers_reports_2024_12.csv,2024-12-01,2024-12
2024,12,14,HOUSING BOARD,34,34,tankers_reports_2024_12.csv,2024-12-01,2024-12
2024,12,14,HUBSIGUDA,182,182,tankers_reports_2024_12.csv,2024-12-01,2024-12
2024,12,14,NACHARAM,80,80,tankers_reports_2024_12.csv,2024-12-01,2024-12
2024,12,14,RADHIKA,105,105,tankers_reports_2024_12.csv,2024-12-01,2024-12
2024,12,14,RAMANTHAPUR(DIV 14),69,69,tankers_reports_2024_12.csv,2024-12-01,2024-12
2024,12,14,SAIBABA NAGAR,66,66,tankers_reports_2024_12.csv,2024-12-01,2024-12
2024,12,14,UPPAL,47,47,tankers_reports_2024_12.csv,2024-12-01,2024-12
2024,12,15,Doyens section,781,781,tankers_reports_2024_12.csv,2024-12-01,2024-12
2024,12,15,GACHIBOWLI (DIV 15),1498,1498,tankers_reports_2024_12.csv,2024-12-01,2024-12
2024,12,15,KONDAPUR (DIV 15),8077,8077,tankers_reports_2024_12.csv,2024-12-01,2024-12
2024,12,15,MADHAPUR -1,3996,3996,tankers_reports_2024_12.csv,2024-12-01,2024-12
2024,12,15,MADHAPUR -2,5489,5489,tankers_reports_2024_12.csv,2024-12-01,2024-12
2024,12,15,NALLAGANDLA (DIV 15),17,17,tankers_reports_2024_12.csv,2024-12-01,2024-12
2024,12,16,ATTAPUR,141,141,tankers_reports_2024_12.csv,2024-12-01,2024-12
2024,12,16,BUDVEL (DIV16),146,146,tankers_reports_2024_12.csv,2024-12-01,2024-12
2024,12,16,HYDERGUDA,620,620,tankers_reports_2024_12.csv,2024-12-01,2024-12
2024,12,16,KATEDAN,7,7,tankers_reports_2024_12.csv,2024-12-01,2024-12
2024,12,16,MAILERDEV PALLY,33,33,tankers_reports_2024_12.csv,2024-12-01,2024-12
2024,12,16,SULEMAN NAGAR,87,87,tankers_reports_2024_12.csv,2024-12-01,2024-12
2024,12,17,CHANDA NAGAR,359,359,tankers_reports_2024_12.csv,2024-12-01,2024-12
2024,12,17,DEEPTHISRI NAGAR,343,343,tankers_reports_2024_12.csv,2024-12-01,2024-12
2024,12,17,HAFEEZPET,4654,4654,tankers_reports_2024_12.csv,2024-12-01,2024-12
2024,12,17,MIYAPUR,359,359,tankers_reports_2024_12.csv,2024-12-01,2024-12
2024,12,17,PATANCHERU,2,2,tankers_reports_2024_12.csv,2024-12-01,2024-12
2024,12,17,RAMACHANDRAPURAM,5,5,tankers_reports_2024_12.csv,2024-12-01,2024-12
2024,12,18,KISMATHPUR (DIV 18),1649,1649,tankers_reports_2024_12.csv,2024-12-01,2024-12
2024,12,18,MANIKONDA (DIV 18),4001,4001,tankers_reports_2024_12.csv,2024-12-01,2024-12
2024,12,19,BODUPPAL (DIV 19),81,81,tankers_reports_2024_12.csv,2024-12-01,2024-12
2024,12,19,PEDDA AMBERPET (PD 1),1,1,tankers_reports_2024_12.csv,2024-12-01,2024-12
2024,12,19,PEERJADIGUDA (DIV 19),191,191,tankers_reports_2024_12.csv,2024-12-01,2024-12
2024,12,19,POCHARAM (DIV 19),2,2,tankers_reports_2024_12.csv,2024-12-01,2024-12
2024,12,20,BADANGPET  (DIV 20),9,9,tankers_reports_2024_12.csv,2024-12-01,2024-12
2024,12,20,JILLELAGUDA (DIV 20),16,16,tankers_reports_2024_12.csv,2024-12-01,2024-12
2024,12,20,MEERPET (DIV 20),72,72,tankers_reports_2024_12.csv,2024-12-01,2024-12
2024,12,20,TURKAYAMJAL (PD 1),1,1,tankers_reports_2024_12.csv,2024-12-01,2024-12
2024,12,21,DAMMAIGUDA,1,1,tankers_reports_2024_12.csv,2024-12-01,2024-12
2024,12,21,JAWAHARNAGAR (PD 3),3,3,tankers_reports_2024_12.csv,2024-12-01,2024-12
2024,12,21,KOMPALLY (PD 7),2,2,tankers_reports_2024_12.csv,2024-12-01,2024-12
2024,12,21,NAGARAM,3,3,tankers_reports_2024_12.csv,2024-12-01,2024-12
2024,12,22,AMEENPUR (PD 8),32,32,tankers_reports_2024_12.csv,2024-12-01,2024-12
2024,12,22,BACHUPALLY (PD 7),282,282,tankers_reports_2024_12.csv,2024-12-01,2024-12
2024,12,22,BEERAMGUDA (PD 8),5,5,tankers_reports_2024_12.csv,2024-12-01,2024-12
2024,12,22,BOLLARAM (PD 8),1,1,tankers_reports_2024_12.csv,2024-12-01,2024-12
2024,12,22,GANDIMAISAMMA (PD 7),2,2,tankers_reports_2024_12.csv,2024-12-01,2024-12
2024,12,22,NIZAMPET (PD 7),2295,2295,tankers_reports_2024_12.csv,2024-12-01,2024-12
2024,12,22,PRAGATHINAGAR (PD 7),3248,3248,tankers_reports_2024_12.csv,2024-12-01,2024-12
2024,3,1,BAHADURPURA,7,7,tankers_reports_2024_3.csv,2024-03-01,2024-03
2024,3,1,CHANUDLAL BHARADARI,2,2,tankers_reports_2024_3.csv,2024-03-01,2024-03
2024,3,1,DARUL SHIFA,3,3,tankers_reports_2024_3.csv,2024-03-01,2024-03
2024,3,1,DHOOD BOWLI,3,3,tankers_reports_2024_3.csv,2024-03-01,2024-03
2024,3,1,KISHAN BAGH,8,8,tankers_reports_2024_3.csv,2024-03-01,2024-03
2024,3,1,M.R.G.FILTERS,3,3,tankers_reports_2024_3.csv,2024-03-01,2024-03
2024,3,1,MISRIGUNJ,1,1,tankers_reports_2024_3.csv,2024-03-01,2024-03
2024,3,1,MOGHULPURA,2,2,tankers_reports_2024_3.csv,2024-03-01,2024-03
2024,3,1,PATHERGATTI,2,2,tankers_reports_2024_3.csv,2024-03-01,2024-03
2024,3,1,VATTEPALLY,6,6,tankers_reports_2024_3.csv,2024-03-01,2024-03
2024,3,2,ASMANGARH,94,94,tankers_reports_2024_3.csv,2024-03-01,2024-03
2024,3,2,AZAMPURA,2,2,tankers_reports_2024_3.csv,2024-03-01,2024-03
2024,3,2,CHANCHALGUDA,44,44,tankers_reports_2024_3.csv,2024-03-01,2024-03
2024,3,2,MADANNAPET,2,2,tankers_reports_2024_3.csv,2024-03-01,2024-03
2024,3,2,MALAKPET,50,50,tankers_reports_2024_3.csv,2024-03-01,2024-03
2024,3,2,MOOSARAMBAGH,163,163,tankers_reports_2024_3.csv,2024-03-01,2024-03
2024,3,2,SAIDABAD,53,53,tankers_reports_2024_3.csv,2024-03-01,2024-03
2024,3,2,SANTOSHNAGAR,11,11,tankers_reports_2024_3.csv,2024-03-01,2024-03
2024,3,2,VINAY NAGAR (DIV 2 (a)),11,11,tankers_reports_2024_3.csv,2024-03-01,2024-03
2024,3,3,AHMED NAGAR,33,33,tankers_reports_2024_3.csv,2024-03-01,2024-03
2024,3,3,ASIF NAGAR,47,46,tankers_reports_2024_3.csv,2024-03-01,2024-03
2024,3,3,CHINTAL BASTHI,218,218,tankers_reports_2024_3.csv,2024-03-01,2024-03
2024,3,3,GOLCONDA,19,19,tankers_reports_2024_3.csv,2024-03-01,2024-03
2024,3,3,HAKEEMPET,139,139,tankers_reports_2024_3.csv,2024-03-01,2024-03
2024,3,3,KAKATIYA NAGAR,275,275,tankers_reports_2024_3.csv,2024-03-01,2024-03
2024,3,3,KARWAN,33,33,tankers_reports_2024_3.csv,2024-03-01,2024-03
2024,3,3,LANGER HOUSE,57,56,tankers_reports_2024_3.csv,2024-03-01,2024-03
2024,3,3,MEHIDIPATNAM,267,266,tankers_reports_2024_3.csv,2024-03-01,2024-03
2024,3,3,OLD MALLEPALLY,33,33,tankers_reports_2024_3.csv,2024-03-01,2024-03
2024,3,3,SHAIKPET,1640,1629,tankers_reports_2024_3.csv,2024-03-01,2024-03
2024,3,3,TAPPA CHABUTRA,11,11,tankers_reports_2024_3.csv,2024-03-01,2024-03
2024,3,3,TOLI CHOWK,746,741,tankers_reports_2024_3.csv,2024-03-01,2024-03
2024,3,3,VIJAYNAGAR COLONY,616,607,tankers_reports_2024_3.csv,2024-03-01,2024-03
2024,3,4,ALLABANDA,5,5,tankers_reports_2024_3.csv,2024-03-01,2024-03
2024,3,4,GODE-KI-KABAR,138,138,tankers_reports_2024_3.csv,2024-03-01,2024-03
2024,3,4,GOWLIGUDA,71,71,tankers_reports_2024_3.csv,2024-03-01,2024-03
2024,3,4,GUNFOUNDRY,394,394,tankers_reports_2024_3.csv,2024-03-01,2024-03
2024,3,4,HINDI NAGAR,100,100,tankers_reports_2024_3.csv,2024-03-01,2024-03
2024,3,4,RED HILLS HIGH LEVEL,451,451,tankers_reports_2024_3.csv,2024-03-01,2024-03
2024,3,4,RED HILLS LOW LEVEL,79,79,tankers_reports_2024_3.csv,2024-03-01,2024-03
2024,3,4,SULTAN BAZAR,95,95,tankers_reports_2024_3.csv,2024-03-01,2024-03
2024,3,4,ZIAGUDA,11,11,tankers_reports_2024_3.csv,2024-03-01,2024-03
2024,3,5,ADIKMET,87,86,tankers_reports_2024_3.csv,2024-03-01,2024-03
2024,3,5,AMBERPET,22,22,tankers_reports_2024_3.csv,2024-03-01,2024-03
2024,3,5,AZAMABAD,348,348,tankers_reports_2024_3.csv,2024-03-01,2024-03
2024,3,5,BAGH LINGAMPALLY,228,228,tankers_reports_2024_3.csv,2024-03-01,2024-03
2024,3,5,BARKATPURA,300,299,tankers_reports_2024_3.csv,2024-03-01,2024-03
2024,3,5,BOATS CLUB,76,76,tankers_reports_2024_3.csv,2024-03-01,2024-03
2024,3,5,DOMALGUDA,82,82,tankers_reports_2024_3.csv,2024-03-01,2024-03
2024,3,5,GANDHINAGAR,526,526,tankers_reports_2024_3.csv,2024-03-01,2024-03
2024,3,5,MUSHEERABAD,468,468,tankers_reports_2024_3.csv,2024-03-01,2024-03
2024,3,5,NARAYANGUDA,539,538,tankers_reports_2024_3.csv,2024-03-01,2024-03
2024,3,5,SHIVAM,187,185,tankers_reports_2024_3.csv,2024-03-01,2024-03
2024,3,5,VIGYANPURI,69,69,tankers_reports_2024_3.csv,2024-03-01,2024-03
2024,3,6,BANJARA HILLS,4055,4055,tankers_reports_2024_3.csv,2024-03-01,2024-03
2024,3,6,BORABANDA,372,365,tankers_reports_2024_3.csv,2024-03-01,2024-03
2024,3,6,ERRAGADDA,725,723,tankers_reports_2024_3.csv,2024-03-01,2024-03
2024,3,6,FATHENAGAR,1729,1718,tankers_reports_2024_3.csv,2024-03-01,2024-03
2024,3,6,FILM NAGAR,677,677,tankers_reports_2024_3.csv,2024-03-01,2024-03
2024,3,6,JUBILEE HILLS,5158,5158,tankers_reports_2024_3.csv,2024-03-01,2024-03
2024,3,6,S.P.R HILLS,260,259,tankers_reports_2024_3.csv,2024-03-01,2024-03
2024,3,6,S.R.NAGAR,5073,5006,tankers_reports_2024_3.csv,2024-03-01,2024-03
2024,3,6,SOMAJIGUDA,2112,2112,tankers_reports_2024_3.csv,2024-03-01,2024-03
2024,3,6,THATTIKHANA,1926,1926,tankers_reports_2024_3.csv,2024-03-01,2024-03
2024,3,6,VENGALRAONAGAR,2861,2817,tankers_reports_2024_3.csv,2024-03-01,2024-03
2024,3,6,YELLAREDDYGUDA,1785,1736,tankers_reports_2024_3.csv,2024-03-01,2024-03
2024,3,7,BOIGUDA,168,168,tankers_reports_2024_3.csv,2024-03-01,2024-03
2024,3,7,BOUDHANAGAR,83,83,tankers_reports_2024_3.csv,2024-03-01,2024-03
2024,3,7,HUSSAINSAGAR,49,49,tankers_reports_2024_3.csv,2024-03-01,2024-03
2024,3,7,LALAPET,25,25,tankers_reports_2024_3.csv,2024-03-01,2024-03
2024,3,7,MARREDPALLY,236,236,tankers_reports_2024_3.csv,2024-03-01,2024-03
2024,3,7,METTUGUDA,30,30,tankers_reports_2024_3.csv,2024-03-01,2024-03
2024,3,7,NALLAGUTTA,77,77,tankers_reports_2024_3.csv,2024-03-01,2024-03
2024,3,7,PRAKASHNAGAR,198,198,tankers_reports_2024_3.csv,2024-03-01,2024-03
2024,3,7,REGIMENTAL BAZAR,84,84,tankers_reports_2024_3.csv,2024-03-01,2024-03
2024,3,7,SEETHAPALMANDI,193,193,tankers_reports_2024_3.csv,2024-03-01,2024-03
2024,3,7,SRINIVAS NAGAR,408,408,tankers_reports_2024_3.csv,2024-03-01,2024-03
2024,3,7,TARNAKA,729,729,tankers_reports_2024_3.csv,2024-03-01,2024-03
2024,3,8,PATANCHERU PIPELINE,1,1,tankers_reports_2024_3.csv,2024-03-01,2024-03
2024,3,9,BALAJINAGAR (DIV 9),3190,3187,tankers_reports_2024_3.csv,2024-03-01,2024-03
2024,3,9,BALANAGAR,96,96,tankers_reports_2024_3.csv,2024-03-01,2024-03
2024,3,9,BHAGYANAGAR,2138,2137,tankers_reports_2024_3.csv,2024-03-01,2024-03
2024,3,9,BHARATHNAGAR,47,46,tankers_reports_2024_3.csv,2024-03-01,2024-03
2024,3,9,GAYATRI NAGAR,1804,1794,tankers_reports_2024_3.csv,2024-03-01,2024-03
2024,3,9,HASMATHPET,644,644,tankers_reports_2024_3.csv,2024-03-01,2024-03
2024,3,9,KPHB,5848,5848,tankers_reports_2024_3.csv,2024-03-01,2024-03
2024,3,9,KUKATPALLY,899,896,tankers_reports_2024_3.csv,2024-03-01,2024-03
2024,3,9,MOOSAPET,70,68,tankers_reports_2024_3.csv,2024-03-01,2024-03
2024,3,9,MOTI NAGAR,535,534,tankers_reports_2024_3.csv,2024-03-01,2024-03
2024,3,9,VIVEKANANDA NAGAR,224,224,tankers_reports_2024_3.csv,2024-03-01,2024-03
2024,3,9,YELLAMMABANDA,879,865,tankers_reports_2024_3.csv,2024-03-01,2024-03
2024,3,10,ALKAPURI,973,973,tankers_reports_2024_3.csv,2024-03-01,2024-03
2024,3,10,DILSHUKNAGAR,104,104,tankers_reports_2024_3.csv,2024-03-01,2024-03
2024,3,10,KOTHAPETA,152,152,tankers_reports_2024_3.csv,2024-03-01,2024-03
2024,3,10,LINGOJIGUDA,105,105,tankers_reports_2024_3.csv,2024-03-01,2024-03
2024,3,10,MARUTHINAGAR (DIV 10),340,340,tankers_reports_2024_3.csv,2024-03-01,2024-03
2024,3,10,SAHEBNAGAR (DIV 10),430,430,tankers_reports_2024_3.csv,2024-03-01,2024-03
2024,3,10,SAROORNAGAR,366,366,tankers_reports_2024_3.csv,2024-03-01,2024-03
2024,3,10,VAISHALINAGAR (DIV 10),111,111,tankers_reports_2024_3.csv,2024-03-01,2024-03
2024,3,12,ADARSHNAGAR,46,46,tankers_reports_2024_3.csv,2024-03-01,2024-03
2024,3,12,Bhagatsingh Nagar,27,27,tankers_reports_2024_3.csv,2024-03-01,2024-03
2024,3,12,CHINTAL,58,58,tankers_reports_2024_3.csv,2024-03-01,2024-03
2024,3,12,GAJULARAMARAM,610,610,tankers_reports_2024_3.csv,2024-03-01,2024-03
2024,3,12,JEEDIMETLA,110,110,tankers_reports_2024_3.csv,2024-03-01,2024-03
2024,3,12,Jagathgirigutta,79,78,tankers_reports_2024_3.csv,2024-03-01,2024-03
2024,3,12,SHAPOORNAGAR,570,570,tankers_reports_2024_3.csv,2024-03-01,2024-03
2024,3,12,SURARAM,235,235,tankers_reports_2024_3.csv,2024-03-01,2024-03
2024,3,12,USHODAYA,98,98,tankers_reports_2024_3.csv,2024-03-01,2024-03
2024,3,12,suchitra,246,246,tankers_reports_2024_3.csv,2024-03-01,2024-03
2024,3,13,ALWAL (Div13),48,48,tankers_reports_2024_3.csv,2024-03-01,2024-03
2024,3,13,CHANUKYAPURI,142,142,tankers_reports_2024_3.csv,2024-03-01,2024-03
2024,3,13,DEFENCE COLONY,223,223,tankers_reports_2024_3.csv,2024-03-01,2024-03
2024,3,13,FATHER BALAIAHNAGAR (Div13),1186,1186,tankers_reports_2024_3.csv,2024-03-01,2024-03
2024,3,13,GOWTHAM NAGAR,199,199,tankers_reports_2024_3.csv,2024-03-01,2024-03
2024,3,13,MACHABOLLARAM,137,137,tankers_reports_2024_3.csv,2024-03-01,2024-03
2024,3,13,SAINATHPURAM,217,217,tankers_reports_2024_3.csv,2024-03-01,2024-03
2024,3,13,VAJPAYEE NAGAR,87,87,tankers_reports_2024_3.csv,2024-03-01,2024-03
2024,3,13,VENKATAPURAM,157,157,tankers_reports_2024_3.csv,2024-03-01,2024-03
2024,3,13,YAPRAL (Div13),120,120,tankers_reports_2024_3.csv,2024-03-01,2024-03
2024,3,14,CHERLAPALLY,27,27,tankers_reports_2024_3.csv,2024-03-01,2024-03
2024,3,14,HOUSING BOARD,75,75,tankers_reports_2024_3.csv,2024-03-01,2024-03
2024,3,14,HUBSIGUDA,210,210,tankers_reports_2024_3.csv,2024-03-01,2024-03
2024,3,14,NACHARAM,141,141,tankers_reports_2024_3.csv,2024-03-01,2024-03
2024,3,14,RADHIKA,116,116,tankers_reports_2024_3.csv,2024-03-01,2024-03
2024,3,14,RAMANTHAPUR(DIV 14),134,133,tankers_reports_2024_3.csv,2024-03-01,2024-03
2024,3,14,SAIBABA NAGAR,134,134,tankers_reports_2024_3.csv,2024-03-01,2024-03
2024,3,14,UPPAL,180,180,tankers_reports_2024_3.csv,2024-03-01,2024-03
2024,3,15,CHANDA NAGAR,1040,1040,tankers_reports_2024_3.csv,2024-03-01,2024-03
2024,3,15,DEEPTHISRI NAGAR (DIV 15),1469,1469,tankers_reports_2024_3.csv,2024-03-01,2024-03
2024,3,15,Doyens section,1502,1502,tankers_reports_2024_3.csv,2024-03-01,2024-03
2024,3,15,GACHIBOWLI (DIV 15),2815,2815,tankers_reports_2024_3.csv,2024-03-01,2024-03
2024,3,15,HAFEEZPET (DIV 15),4993,4993,tankers_reports_2024_3.csv,2024-03-01,2024-03
2024,3,15,KONDAPUR (DIV 15),11893,11890,tankers_reports_2024_3.csv,2024-03-01,2024-03
2024,3,15,MADHAPUR,10644,10637,tankers_reports_2024_3.csv,2024-03-01,2024-03
2024,3,15,MIYAPUR,642,642,tankers_reports_2024_3.csv,2024-03-01,2024-03
2024,3,15,NALLAGANDLA (DIV 15),12,12,tankers_reports_2024_3.csv,2024-03-01,2024-03
2024,3,15,PATANCHERU (DIV15),2,2,tankers_reports_2024_3.csv,2024-03-01,2024-03
2024,3,15,RAMACHANDRAPURAM,14,14,tankers_reports_2024_3.csv,2024-03-01,2024-03
2024,3,16,ATTAPUR,480,479,tankers_reports_2024_3.csv,2024-03-01,2024-03
2024,3,16,BUDVEL (DIV16),211,210,tankers_reports_2024_3.csv,2024-03-01,2024-03
2024,3,16,HYDERGUDA,1488,1486,tankers_reports_2024_3.csv,2024-03-01,2024-03
2024,3,16,KATEDAN,25,25,tankers_reports_2024_3.csv,2024-03-01,2024-03
2024,3,16,MAILERDEV PALLY,62,61,tankers_reports_2024_3.csv,2024-03-01,2024-03
2024,3,16,SULEMAN NAGAR,67,67,tankers_reports_2024_3.csv,2024-03-01,2024-03
2024,3,18,KISMATHPUR (DIV 18),2056,2047,tankers_reports_2024_3.csv,2024-03-01,2024-03
2024,3,18,MANIKONDA (DIV 18),5829,5737,tankers_reports_2024_3.csv,2024-03-01,2024-03
2024,3,19,BODUPPAL (DIV 19),216,216,tankers_reports_2024_3.csv,2024-03-01,2024-03
2024,3,19,CHEERYAL (DIV 19),1,1,tankers_reports_2024_3.csv,2024-03-01,2024-03
2024,3,19,DHAMMAIGUDA (DIV 19),3,3,tankers_reports_2024_3.csv,2024-03-01,2024-03
2024,3,19,NAGARAM (DIV 19),2,2,tankers_reports_2024_3.csv,2024-03-01,2024-03
2024,3,19,PEERJADIGUDA (DIV 19),919,919,tankers_reports_2024_3.csv,2024-03-01,2024-03
2024,3,19,POCHARAM (DIV 19),3,3,tankers_reports_2024_3.csv,2024-03-01,2024-03
2024,3,20,BADANGPET  (DIV 20),240,240,tankers_reports_2024_3.csv,2024-03-01,2024-03
2024,3,20,JALPALLY (DIV 20),6,6,tankers_reports_2024_3.csv,2024-03-01,2024-03
2024,3,20,JILLELAGUDA (DIV 20),15,15,tankers_reports_2024_3.csv,2024-03-01,2024-03
2024,3,20,MEERPET (DIV 20),379,378,tankers_reports_2024_3.csv,2024-03-01,2024-03
2024,3,20,SHAMSHABAD (DIV 20),2,2,tankers_reports_2024_3.csv,2024-03-01,2024-03
2024,3,20,THUKKUGUDA (PD 1),2,2,tankers_reports_2024_3.csv,2024-03-01,2024-03
2024,3,22,PEDDA AMBERPET (PD 1),4,4,tankers_reports_2024_3.csv,2024-03-01,2024-03
2024,3,22,TURKAYAMJAL (PD 1),9,9,tankers_reports_2024_3.csv,2024-03-01,2024-03
2024,3,23,BACHUPALLY (PD 7),295,294,tankers_reports_2024_3.csv,2024-03-01,2024-03
2024,3,23,GANDIMAISAMMA (PD 7),4,4,tankers_reports_2024_3.csv,2024-03-01,2024-03
2024,3,23,NIZAMPET (PD 7),3926,3926,tankers_reports_2024_3.csv,2024-03-01,2024-03
2024,3,23,PRAGATHINAGAR (PD 7),3290,3290,tankers_reports_2024_3.csv,2024-03-01,2024-03
2024,3,24,AMEENPUR (PD 8),20,20,tankers_reports_2024_3.csv,2024-03-01,2024-03
2024,3,24,BEERAMGUDA (PD 8),8,8,tankers_reports_2024_3.csv,2024-03-01,2024-03
2024,3,25,GUNDLAPOCHAMPALLY (PD 7),2,2,tankers_reports_2024_3.csv,2024-03-01,2024-03
2024,3,25,JAWAHARNAGAR (PD 3),5,5,tankers_reports_2024_3.csv,2024-03-01,2024-03
2024,3,25,KOMPALLY (PD 7),2,2,tankers_reports_2024_3.csv,2024-03-01,2024-03
2024,3,33,ALIABAD,3,3,tankers_reports_2024_3.csv,2024-03-01,2024-03
2024,3,33,BALAPUR,1,1,tankers_reports_2024_3.csv,2024-03-01,2024-03
2024,3,33,BANDLAGUDA  (DIV 2),18,18,tankers_reports_2024_3.csv,2024-03-01,2024-03
2024,3,33,JANGAMMET,2,2,tankers_reports_2024_3.csv,2024-03-01,2024-03
2024,3,33,KANCHANBAGH,4,4,tankers_reports_2024_3.csv,2024-03-01,2024-03
2024,3,33,MYSARAM,3,3,tankers_reports_2024_3.csv,2024-03-01,2024-03
2024,3,34,AUTONAGAR,205,204,tankers_reports_2024_3.csv,2024-03-01,2024-03
2024,3,34,B.N.REDDY NAGAR,45,45,tankers_reports_2024_3.csv,2024-03-01,2024-03
2024,3,34,KAMALANAGAR,347,347,tankers_reports_2024_3.csv,2024-03-01,2024-03
2024,3,34,L.B.NAGAR,87,87,tankers_reports_2024_3.csv,2024-03-01,2024-03
2024,3,34,MANSOORABAD,433,433,tankers_reports_2024_3.csv,2024-03-01,2024-03
2024,3,34,NAGOLE,9,9,tankers_reports_2024_3.csv,2024-03-01,2024-03
2024,3,34,NGO COLONY,175,175,tankers_reports_2024_3.csv,2024-03-01,2024-03
2024,3,34,VANASTHALIPURAM (DIV 10),417,417,tankers_reports_2024_3.csv,2024-03-01,2024-03
2024,4,1,BAHADURPURA,4,4,tankers_reports_2024_4.csv,2024-04-01,2024-04
2024,4,1,CHANUDLAL BHARADARI,1,1,tankers_reports_2024_4.csv,2024-04-01,2024-04
2024,4,1,DARUL SHIFA,8,8,tankers_reports_2024_4.csv,2024-04-01,2024-04
2024,4,1,DHOOD BOWLI,4,4,tankers_reports_2024_4.csv,2024-04-01,2024-04
2024,4,1,HASSAN NAGAR,1,1,tankers_reports_2024_4.csv,2024-04-01,2024-04
2024,4,1,KISHAN BAGH,11,11,tankers_reports_2024_4.csv,2024-04-01,2024-04
2024,4,1,M.R.G.FILTERS,4,4,tankers_reports_2024_4.csv,2024-04-01,2024-04
2024,4,1,MISRIGUNJ,1,1,tankers_reports_2024_4.csv,2024-04-01,2024-04
2024,4,1,MOGHULPURA,9,9,tankers_reports_2024_4.csv,2024-04-01,2024-04
2024,4,1,PATHERGATTI,6,6,tankers_reports_2024_4.csv,2024-04-01,2024-04
2024,4,1,VATTEPALLY,11,11,tankers_reports_2024_4.csv,2024-04-01,2024-04
2024,4,2,ASMANGARH,164,164,tankers_reports_2024_4.csv,2024-04-01,2024-04
2024,4,2,AZAMPURA,15,15,tankers_reports_2024_4.csv,2024-04-01,2024-04
2024,4,2,CHANCHALGUDA,49,49,tankers_reports_2024_4.csv,2024-04-01,2024-04
2024,4,2,MADANNAPET,5,5,tankers_reports_2024_4.csv,2024-04-01,2024-04
2024,4,2,MALAKPET,142,142,tankers_reports_2024_4.csv,2024-04-01,2024-04
2024,4,2,MOOSARAMBAGH,197,197,tankers_reports_2024_4.csv,2024-04-01,2024-04
2024,4,2,SAIDABAD,116,116,tankers_reports_2024_4.csv,2024-04-01,2024-04
2024,4,2,SANTOSHNAGAR,3,3,tankers_reports_2024_4.csv,2024-04-01,2024-04
2024,4,2,VINAY NAGAR (DIV 2 (a)),12,12,tankers_reports_2024_4.csv,2024-04-01,2024-04
2024,4,2,YAKATPURA,2,2,tankers_reports_2024_4.csv,2024-04-01,2024-04
2024,4,3,AHMED NAGAR,114,114,tankers_reports_2024_4.csv,2024-04-01,2024-04
2024,4,3,ASIF NAGAR,271,271,tankers_reports_2024_4.csv,2024-04-01,2024-04
2024,4,3,CHINTAL BASTHI,418,417,tankers_reports_2024_4.csv,2024-04-01,2024-04
2024,4,3,GOLCONDA,31,31,tankers_reports_2024_4.csv,2024-04-01,2024-04
2024,4,3,HAKEEMPET,260,260,tankers_reports_2024_4.csv,2024-04-01,2024-04
2024,4,3,KAKATIYA NAGAR,650,650,tankers_reports_2024_4.csv,2024-04-01,2024-04
2024,4,3,KARWAN,115,115,tankers_reports_2024_4.csv,2024-04-01,2024-04
2024,4,3,LANGER HOUSE,113,113,tankers_reports_2024_4.csv,2024-04-01,2024-04
2024,4,3,MEHIDIPATNAM,1125,1124,tankers_reports_2024_4.csv,2024-04-01,2024-04
2024,4,3,OLD MALLEPALLY,135,135,tankers_reports_2024_4.csv,2024-04-01,2024-04
2024,4,3,SHAIKPET,2540,2540,tankers_reports_2024_4.csv,2024-04-01,2024-04
2024,4,3,TAPPA CHABUTRA,67,67,tankers_reports_2024_4.csv,2024-04-01,2024-04
2024,4,3,TOLI CHOWK,1111,1111,tankers_reports_2024_4.csv,2024-04-01,2024-04
2024,4,3,VIJAYNAGAR COLONY,1232,1232,tankers_reports_2024_4.csv,2024-04-01,2024-04
2024,4,4,ALLABANDA,1,1,tankers_reports_2024_4.csv,2024-04-01,2024-04
2024,4,4,GODE-KI-KABAR,236,236,tankers_reports_2024_4.csv,2024-04-01,2024-04
2024,4,4,GOWLIGUDA,157,157,tankers_reports_2024_4.csv,2024-04-01,2024-04
2024,4,4,GUNFOUNDRY,522,522,tankers_reports_2024_4.csv,2024-04-01,2024-04
2024,4,4,HINDI NAGAR,235,235,tankers_reports_2024_4.csv,2024-04-01,2024-04
2024,4,4,RED HILLS HIGH LEVEL,589,589,tankers_reports_2024_4.csv,2024-04-01,2024-04
2024,4,4,RED HILLS LOW LEVEL,200,200,tankers_reports_2024_4.csv,2024-04-01,2024-04
2024,4,4,SULTAN BAZAR,124,124,tankers_reports_2024_4.csv,2024-04-01,2024-04
2024,4,4,ZIAGUDA,14,14,tankers_reports_2024_4.csv,2024-04-01,2024-04
2024,4,5,ADIKMET,109,109,tankers_reports_2024_4.csv,2024-04-01,2024-04
2024,4,5,AMBERPET,98,98,tankers_reports_2024_4.csv,2024-04-01,2024-04
2024,4,5,AZAMABAD,447,447,tankers_reports_2024_4.csv,2024-04-01,2024-04
2024,4,5,BAGH LINGAMPALLY,270,270,tankers_reports_2024_4.csv,2024-04-01,2024-04
2024,4,5,BARKATPURA,625,625,tankers_reports_2024_4.csv,2024-04-01,2024-04
2024,4,5,BOATS CLUB,214,214,tankers_reports_2024_4.csv,2024-04-01,2024-04
2024,4,5,DOMALGUDA,103,103,tankers_reports_2024_4.csv,2024-04-01,2024-04
2024,4,5,GANDHINAGAR,1030,1030,tankers_reports_2024_4.csv,2024-04-01,2024-04
2024,4,5,MUSHEERABAD,781,781,tankers_reports_2024_4.csv,2024-04-01,2024-04
2024,4,5,NARAYANGUDA,761,761,tankers_reports_2024_4.csv,2024-04-01,2024-04
2024,4,5,SHIVAM,271,271,tankers_reports_2024_4.csv,2024-04-01,2024-04
2024,4,5,VIGYANPURI,184,184,tankers_reports_2024_4.csv,2024-04-01,2024-04
2024,4,6,BANJARA HILLS,4707,4707,tankers_reports_2024_4.csv,2024-04-01,2024-04
2024,4,6,BORABANDA,432,432,tankers_reports_2024_4.csv,2024-04-01,2024-04
2024,4,6,ERRAGADDA,983,983,tankers_reports_2024_4.csv,2024-04-01,2024-04
2024,4,6,FATHENAGAR,2257,2257,tankers_reports_2024_4.csv,2024-04-01,2024-04
2024,4,6,FILM NAGAR,1026,1026,tankers_reports_2024_4.csv,2024-04-01,2024-04
2024,4,6,JUBILEE HILLS,6306,6306,tankers_reports_2024_4.csv,2024-04-01,2024-04
2024,4,6,S.P.R HILLS,304,304,tankers_reports_2024_4.csv,2024-04-01,2024-04
2024,4,6,S.R.NAGAR,6040,6040,tankers_reports_2024_4.csv,2024-04-01,2024-04
2024,4,6,SOMAJIGUDA,3252,3252,tankers_reports_2024_4.csv,2024-04-01,2024-04
2024,4,6,THATTIKHANA,2316,2316,tankers_reports_2024_4.csv,2024-04-01,2024-04
2024,4,6,VENGALRAONAGAR,3661,3661,tankers_reports_2024_4.csv,2024-04-01,2024-04
2024,4,6,YELLAREDDYGUDA,2652,2652,tankers_reports_2024_4.csv,2024-04-01,2024-04
2024,4,7,BOIGUDA,426,426,tankers_reports_2024_4.csv,2024-04-01,2024-04
2024,4,7,BOUDHANAGAR,183,183,tankers_reports_2024_4.csv,2024-04-01,2024-04
2024,4,7,HUSSAINSAGAR,171,171,tankers_reports_2024_4.csv,2024-04-01,2024-04
2024,4,7,LALAPET,55,55,tankers_reports_2024_4.csv,2024-04-01,2024-04
2024,4,7,MARREDPALLY,372,372,tankers_reports_2024_4.csv,2024-04-01,2024-04
2024,4,7,METTUGUDA,76,76,tankers_reports_2024_4.csv,2024-04-01,2024-04
2024,4,7,NALLAGUTTA,79,79,tankers_reports_2024_4.csv,2024-04-01,2024-04
2024,4,7,PRAKASHNAGAR,332,332,tankers_reports_2024_4.csv,2024-04-01,2024-04
2024,4,7,REGIMENTAL BAZAR,192,192,tankers_reports_2024_4.csv,2024-04-01,2024-04
2024,4,7,SEETHAPALMANDI,762,762,tankers_reports_2024_4.csv,2024-04-01,2024-04
2024,4,7,SRINIVAS NAGAR,1351,1351,tankers_reports_2024_4.csv,2024-04-01,2024-04
2024,4,7,TARNAKA,1510,1510,tankers_reports_2024_4.csv,2024-04-01,2024-04
2024,4,9,BALAJINAGAR (DIV 9),4876,4876,tankers_reports_2024_4.csv,2024-04-01,2024-04
2024,4,9,BALANAGAR,98,98,tankers_reports_2024_4.csv,2024-04-01,2024-04
2024,4,9,BHAGYANAGAR,4025,4025,tankers_reports_2024_4.csv,2024-04-01,2024-04
2024,4,9,BHARATHNAGAR,222,222,tankers_reports_2024_4.csv,2024-04-01,2024-04
2024,4,9,GAYATRI NAGAR,2091,2091,tankers_reports_2024_4.csv,2024-04-01,2024-04
2024,4,9,HASMATHPET,1249,1249,tankers_reports_2024_4.csv,2024-04-01,2024-04
2024,4,9,KPHB,7548,7548,tankers_reports_2024_4.csv,2024-04-01,2024-04
2024,4,9,KUKATPALLY,1036,1036,tankers_reports_2024_4.csv,2024-04-01,2024-04
2024,4,9,MOOSAPET,286,286,tankers_reports_2024_4.csv,2024-04-01,2024-04
2024,4,9,MOTI NAGAR,1076,1076,tankers_reports_2024_4.csv,2024-04-01,2024-04
2024,4,9,VIVEKANANDA NAGAR,406,406,tankers_reports_2024_4.csv,2024-04-01,2024-04
2024,4,9,YELLAMMABANDA,1161,1161,tankers_reports_2024_4.csv,2024-04-01,2024-04
2024,4,10,ALKAPURI,1793,1793,tankers_reports_2024_4.csv,2024-04-01,2024-04
2024,4,10,DILSHUKNAGAR,216,216,tankers_reports_2024_4.csv,2024-04-01,2024-04
2024,4,10,KOTHAPETA,306,306,tankers_reports_2024_4.csv,2024-04-01,2024-04
2024,4,10,LINGOJIGUDA,269,269,tankers_reports_2024_4.csv,2024-04-01,2024-04
2024,4,10,MARUTHINAGAR (DIV 10),559,559,tankers_reports_2024_4.csv,2024-04-01,2024-04
2024,4,10,SAHEBNAGAR (DIV 10),776,776,tankers_reports_2024_4.csv,2024-04-01,2024-04
2024,4,10,SAROORNAGAR,566,566,tankers_reports_2024_4.csv,2024-04-01,2024-04
2024,4,10,VAISHALINAGAR (DIV 10),258,258,tankers_reports_2024_4.csv,2024-04-01,2024-04
2024,4,12,ADARSHNAGAR,163,163,tankers_reports_2024_4.csv,2024-04-01,2024-04
2024,4,12,Bhagatsingh Nagar,94,94,tankers_reports_2024_4.csv,2024-04-01,2024-04
2024,4,12,CHINTAL,79,79,tankers_reports_2024_4.csv,2024-04-01,2024-04
2024,4,12,GAJULARAMARAM,1235,1235,tankers_reports_2024_4.csv,2024-04-01,2024-04
2024,4,12,JEEDIMETLA,228,228,tankers_reports_2024_4.csv,2024-04-01,2024-04
2024,4,12,Jagathgirigutta,143,143,tankers_reports_2024_4.csv,2024-04-01,2024-04
2024,4,12,SHAPOORNAGAR,1101,1099,tankers_reports_2024_4.csv,2024-04-01,2024-04
2024,4,12,SURARAM,354,354,tankers_reports_2024_4.csv,2024-04-01,2024-04
2024,4,12,USHODAYA,306,306,tankers_reports_2024_4.csv,2024-04-01,2024-04
2024,4,12,suchitra,424,424,tankers_reports_2024_4.csv,2024-04-01,2024-04
2024,4,13,ALWAL (Div13),76,76,tankers_reports_2024_4.csv,2024-04-01,2024-04
2024,4,13,CHANUKYAPURI,232,232,tankers_reports_2024_4.csv,2024-04-01,2024-04
2024,4,13,DEFENCE COLONY,438,438,tankers_reports_2024_4.csv,2024-04-01,2024-04
2024,4,13,FATHER BALAIAHNAGAR (Div13),1767,1766,tankers_reports_2024_4.csv,2024-04-01,2024-04
2024,4,13,GOWTHAM NAGAR,356,356,tankers_reports_2024_4.csv,2024-04-01,2024-04
2024,4,13,MACHABOLLARAM,246,246,tankers_reports_2024_4.csv,2024-04-01,2024-04
2024,4,13,SAINATHPURAM,363,363,tankers_reports_2024_4.csv,2024-04-01,2024-04
2024,4,13,VAJPAYEE NAGAR,188,188,tankers_reports_2024_4.csv,2024-04-01,2024-04
2024,4,13,VENKATAPURAM,218,218,tankers_reports_2024_4.csv,2024-04-01,2024-04
2024,4,13,YAPRAL (Div13),282,282,tankers_reports_2024_4.csv,2024-04-01,2024-04
2024,4,14,CHERLAPALLY,20,20,tankers_reports_2024_4.csv,2024-04-01,2024-04
2024,4,14,HOUSING BOARD,100,100,tankers_reports_2024_4.csv,2024-04-01,2024-04
2024,4,14,HUBSIGUDA,423,423,tankers_reports_2024_4.csv,2024-04-01,2024-04
2024,4,14,NACHARAM,212,212,tankers_reports_2024_4.csv,2024-04-01,2024-04
2024,4,14,RADHIKA,209,208,tankers_reports_2024_4.csv,2024-04-01,2024-04
2024,4,14,RAMANTHAPUR(DIV 14),346,346,tankers_reports_2024_4.csv,2024-04-01,2024-04
2024,4,14,SAIBABA NAGAR,206,206,tankers_reports_2024_4.csv,2024-04-01,2024-04
2024,4,14,UPPAL,222,222,tankers_reports_2024_4.csv,2024-04-01,2024-04
2024,4,15,CHANDA NAGAR,1428,1428,tankers_reports_2024_4.csv,2024-04-01,2024-04
2024,4,15,DEEPTHISRI NAGAR (DIV 15),1821,1821,tankers_reports_2024_4.csv,2024-04-01,2024-04
2024,4,15,Doyens section,2019,2018,tankers_reports_2024_4.csv,2024-04-01,2024-04
2024,4,15,GACHIBOWLI (DIV 15),4383,4382,tankers_reports_2024_4.csv,2024-04-01,2024-04
2024,4,15,HAFEEZPET (DIV 15),6165,6165,tankers_reports_2024_4.csv,2024-04-01,2024-04
2024,4,15,KONDAPUR (DIV 15),14277,14277,tankers_reports_2024_4.csv,2024-04-01,2024-04
2024,4,15,MADHAPUR,14989,14989,tankers_reports_2024_4.csv,2024-04-01,2024-04
2024,4,15,MIYAPUR,1323,1323,tankers_reports_2024_4.csv,2024-04-01,2024-04
2024,4,15,NALLAGANDLA (DIV 15),25,25,tankers_reports_2024_4.csv,2024-04-01,2024-04
2024,4,15,PATANCHERU (DIV15),2,2,tankers_reports_2024_4.csv,2024-04-01,2024-04
2024,4,15,RAMACHANDRAPURAM,2,2,tankers_reports_2024_4.csv,2024-04-01,2024-04
2024,4,16,ATTAPUR,742,740,tankers_reports_2024_4.csv,2024-04-01,2024-04
2024,4,16,BUDVEL (DIV16),375,375,tankers_reports_2024_4.csv,2024-04-01,2024-04
2024,4,16,HYDERGUDA,2027,2027,tankers_reports_2024_4.csv,2024-04-01,2024-04
2024,4,16,KATEDAN,60,60,tankers_reports_2024_4.csv,2024-04-01,2024-04
2024,4,16,MAILERDEV PALLY,113,113,tankers_reports_2024_4.csv,2024-04-01,2024-04
2024,4,16,SULEMAN NAGAR,147,147,tankers_reports_2024_4.csv,2024-04-01,2024-04
2024,4,17,MIRALAM FILTER BEDS (DIV 17),1,0,tankers_reports_2024_4.csv,2024-04-01,2024-04
2024,4,18,KISMATHPUR (DIV 18),3465,3465,tankers_reports_2024_4.csv,2024-04-01,2024-04
2024,4,18,MANIKONDA (DIV 18),9286,9286,tankers_reports_2024_4.csv,2024-04-01,2024-04
2024,4,19,BODUPPAL (DIV 19),380,380,tankers_reports_2024_4.csv,2024-04-01,2024-04
2024,4,19,DHAMMAIGUDA (DIV 19),1,1,tankers_reports_2024_4.csv,2024-04-01,2024-04
2024,4,19,PEERJADIGUDA (DIV 19),1523,1523,tankers_reports_2024_4.csv,2024-04-01,2024-04
2024,4,19,POCHARAM (DIV 19),4,4,tankers_reports_2024_4.csv,2024-04-01,2024-04
2024,4,20,BADANGPET  (DIV 20),484,484,tankers_reports_2024_4.csv,2024-04-01,2024-04
2024,4,20,JALPALLY (DIV 20),7,7,tankers_reports_2024_4.csv,2024-04-01,2024-04
2024,4,20,JILLELAGUDA (DIV 20),8,8,tankers_reports_2024_4.csv,2024-04-01,2024-04
2024,4,20,MEERPET (DIV 20),738,738,tankers_reports_2024_4.csv,2024-04-01,2024-04
2024,4,20,SHAMSHABAD (DIV 20),2,2,tankers_reports_2024_4.csv,2024-04-01,2024-04
2024,4,20,THUKKUGUDA (PD 1),3,3,tankers_reports_2024_4.csv,2024-04-01,2024-04
2024,4,22,PEDDA AMBERPET (PD 1),5,5,tankers_reports_2024_4.csv,2024-04-01,2024-04
2024,4,22,TURKAYAMJAL (PD 1),5,5,tankers_reports_2024_4.csv,2024-04-01,2024-04
2024,4,23,BACHUPALLY (PD 7),863,861,tankers_reports_2024_4.csv,2024-04-01,2024-04
2024,4,23,GANDIMAISAMMA (PD 7),9,9,tankers_reports_2024_4.csv,2024-04-01,2024-04
2024,4,23,NIZAMPET (PD 7),5843,5843,tankers_reports_2024_4.csv,2024-04-01,2024-04
2024,4,23,PRAGATHINAGAR (PD 7),4845,4845,tankers_reports_2024_4.csv,2024-04-01,2024-04
2024,4,24,AMEENPUR (PD 8),43,43,tankers_reports_2024_4.csv,2024-04-01,2024-04
2024,4,24,BEERAMGUDA (PD 8),9,9,tankers_reports_2024_4.csv,2024-04-01,2024-04
2024,4,24,TELLAPUR (PD 8),5,5,tankers_reports_2024_4.csv,2024-04-01,2024-04
2024,4,25,GUNDLAPOCHAMPALLY (PD 7),1,1,tankers_reports_2024_4.csv,2024-04-01,2024-04
2024,4,25,JAWAHARNAGAR (PD 3),6,6,tankers_reports_2024_4.csv,2024-04-01,2024-04
2024,4,25,KOMPALLY (PD 7),3,3,tankers_reports_2024_4.csv,2024-04-01,2024-04
2024,4,33,ALIABAD,12,12,tankers_reports_2024_4.csv,2024-04-01,2024-04
2024,4,33,BALAPUR,2,2,tankers_reports_2024_4.csv,2024-04-01,2024-04
2024,4,33,BANDLAGUDA  (DIV 2),65,65,tankers_reports_2024_4.csv,2024-04-01,2024-04
2024,4,33,GOWLIPURA,4,4,tankers_reports_2024_4.csv,2024-04-01,2024-04
2024,4,33,JAHANUMA,1,1,tankers_reports_2024_4.csv,2024-04-01,2024-04
2024,4,33,JANGAMMET,13,13,tankers_reports_2024_4.csv,2024-04-01,2024-04
2024,4,33,KANCHANBAGH,1,1,tankers_reports_2024_4.csv,2024-04-01,2024-04
2024,4,33,MYSARAM,3,3,tankers_reports_2024_4.csv,2024-04-01,2024-04
2024,4,33,RIYASATH NAGAR,1,1,tankers_reports_2024_4.csv,2024-04-01,2024-04
2024,4,34,AUTONAGAR,274,274,tankers_reports_2024_4.csv,2024-04-01,2024-04
2024,4,34,B.N.REDDY NAGAR,101,101,tankers_reports_2024_4.csv,2024-04-01,2024-04
2024,4,34,KAMALANAGAR,559,559,tankers_reports_2024_4.csv,2024-04-01,2024-04
2024,4,34,L.B.NAGAR,144,144,tankers_reports_2024_4.csv,2024-04-01,2024-04
2024,4,34,MANSOORABAD,827,827,tankers_reports_2024_4.csv,2024-04-01,2024-04
2024,4,34,NAGOLE,22,22,tankers_reports_2024_4.csv,2024-04-01,2024-04
2024,4,34,NGO COLONY,351,351,tankers_reports_2024_4.csv,2024-04-01,2024-04
2024,4,34,VANASTHALIPURAM (DIV 10),688,688,tankers_reports_2024_4.csv,2024-04-01,2024-04
2024,5,1,BAHADURPURA,12,12,tankers_reports_2024_5.csv,2024-05-01,2024-05
2024,5,1,CHANUDLAL BHARADARI,1,1,tankers_reports_2024_5.csv,2024-05-01,2024-05
2024,5,1,DARUL SHIFA,7,7,tankers_reports_2024_5.csv,2024-05-01,2024-05
2024,5,1,DHOOD BOWLI,4,4,tankers_reports_2024_5.csv,2024-05-01,2024-05
2024,5,1,KISHAN BAGH,3,3,tankers_reports_2024_5.csv,2024-05-01,2024-05
2024,5,1,M.R.G.FILTERS,4,4,tankers_reports_2024_5.csv,2024-05-01,2024-05
2024,5,1,MOGHULPURA,6,6,tankers_reports_2024_5.csv,2024-05-01,2024-05
2024,5,1,PATHERGATTI,1,1,tankers_reports_2024_5.csv,2024-05-01,2024-05
2024,5,1,VATTEPALLY,2,2,tankers_reports_2024_5.csv,2024-05-01,2024-05
2024,5,2,ASMANGARH,126,126,tankers_reports_2024_5.csv,2024-05-01,2024-05
2024,5,2,AZAMPURA,13,13,tankers_reports_2024_5.csv,2024-05-01,2024-05
2024,5,2,CHANCHALGUDA,38,38,tankers_reports_2024_5.csv,2024-05-01,2024-05
2024,5,2,MADANNAPET,6,6,tankers_reports_2024_5.csv,2024-05-01,2024-05
2024,5,2,MALAKPET,111,111,tankers_reports_2024_5.csv,2024-05-01,2024-05
2024,5,2,MOOSARAMBAGH,198,198,tankers_reports_2024_5.csv,2024-05-01,2024-05
2024,5,2,SAIDABAD,149,149,tankers_reports_2024_5.csv,2024-05-01,2024-05
2024,5,2,SANTOSHNAGAR,6,6,tankers_reports_2024_5.csv,2024-05-01,2024-05
2024,5,2,VINAY NAGAR (DIV 2 (a)),20,20,tankers_reports_2024_5.csv,2024-05-01,2024-05
2024,5,3,AHMED NAGAR,116,116,tankers_reports_2024_5.csv,2024-05-01,2024-05
2024,5,3,ASIF NAGAR,222,222,tankers_reports_2024_5.csv,2024-05-01,2024-05
2024,5,3,CHINTAL BASTHI,489,489,tankers_reports_2024_5.csv,2024-05-01,2024-05
2024,5,3,GOLCONDA,15,15,tankers_reports_2024_5.csv,2024-05-01,2024-05
2024,5,3,HAKEEMPET,208,208,tankers_reports_2024_5.csv,2024-05-01,2024-05
2024,5,3,KAKATIYA NAGAR,718,718,tankers_reports_2024_5.csv,2024-05-01,2024-05
2024,5,3,KARWAN,68,68,tankers_reports_2024_5.csv,2024-05-01,2024-05
2024,5,3,LANGER HOUSE,64,64,tankers_reports_2024_5.csv,2024-05-01,2024-05
2024,5,3,MEHIDIPATNAM,1147,1147,tankers_reports_2024_5.csv,2024-05-01,2024-05
2024,5,3,OLD MALLEPALLY,102,102,tankers_reports_2024_5.csv,2024-05-01,2024-05
2024,5,3,SHAIKPET,2272,2272,tankers_reports_2024_5.csv,2024-05-01,2024-05
2024,5,3,TAPPA CHABUTRA,26,26,tankers_reports_2024_5.csv,2024-05-01,2024-05
2024,5,3,TOLI CHOWK,834,834,tankers_reports_2024_5.csv,2024-05-01,2024-05
2024,5,3,VIJAYNAGAR COLONY,1242,1242,tankers_reports_2024_5.csv,2024-05-01,2024-05
2024,5,4,ALLABANDA,8,8,tankers_reports_2024_5.csv,2024-05-01,2024-05
2024,5,4,GODE-KI-KABAR,189,189,tankers_reports_2024_5.csv,2024-05-01,2024-05
2024,5,4,GOWLIGUDA,79,79,tankers_reports_2024_5.csv,2024-05-01,2024-05
2024,5,4,GUNFOUNDRY,412,412,tankers_reports_2024_5.csv,2024-05-01,2024-05
2024,5,4,HINDI NAGAR,186,186,tankers_reports_2024_5.csv,2024-05-01,2024-05
2024,5,4,RED HILLS HIGH LEVEL,543,543,tankers_reports_2024_5.csv,2024-05-01,2024-05
2024,5,4,RED HILLS LOW LEVEL,157,157,tankers_reports_2024_5.csv,2024-05-01,2024-05
2024,5,4,SULTAN BAZAR,116,116,tankers_reports_2024_5.csv,2024-05-01,2024-05
2024,5,4,ZIAGUDA,17,17,tankers_reports_2024_5.csv,2024-05-01,2024-05
2024,5,5,ADIKMET,78,78,tankers_reports_2024_5.csv,2024-05-01,2024-05
2024,5,5,AMBERPET,54,54,tankers_reports_2024_5.csv,2024-05-01,2024-05
2024,5,5,AZAMABAD,555,555,tankers_reports_2024_5.csv,2024-05-01,2024-05
2024,5,5,BAGH LINGAMPALLY,236,236,tankers_reports_2024_5.csv,2024-05-01,2024-05
2024,5,5,BARKATPURA,601,601,tankers_reports_2024_5.csv,2024-05-01,2024-05
2024,5,5,BOATS CLUB,274,274,tankers_reports_2024_5.csv,2024-05-01,2024-05
2024,5,5,DOMALGUDA,137,137,tankers_reports_2024_5.csv,2024-05-01,2024-05
2024,5,5,GANDHINAGAR,1179,1179,tankers_reports_2024_5.csv,2024-05-01,2024-05
2024,5,5,MUSHEERABAD,801,801,tankers_reports_2024_5.csv,2024-05-01,2024-05
2024,5,5,NARAYANGUDA,786,786,tankers_reports_2024_5.csv,2024-05-01,2024-05
2024,5,5,SHIVAM,235,235,tankers_reports_2024_5.csv,2024-05-01,2024-05
2024,5,5,VIGYANPURI,195,195,tankers_reports_2024_5.csv,2024-05-01,2024-05
2024,5,6,BANJARA HILLS,3649,3649,tankers_reports_2024_5.csv,2024-05-01,2024-05
2024,5,6,BORABANDA,341,341,tankers_reports_2024_5.csv,2024-05-01,2024-05
2024,5,6,ERRAGADDA,805,805,tankers_reports_2024_5.csv,2024-05-01,2024-05
2024,5,6,FATHENAGAR,1426,1426,tankers_reports_2024_5.csv,2024-05-01,2024-05
2024,5,6,FILM NAGAR,1001,1001,tankers_reports_2024_5.csv,2024-05-01,2024-05
2024,5,6,JUBILEE HILLS,5621,5621,tankers_reports_2024_5.csv,2024-05-01,2024-05
2024,5,6,S.P.R HILLS,291,291,tankers_reports_2024_5.csv,2024-05-01,2024-05
2024,5,6,S.R.NAGAR,5951,5951,tankers_reports_2024_5.csv,2024-05-01,2024-05
2024,5,6,SOMAJIGUDA,2290,2290,tankers_reports_2024_5.csv,2024-05-01,2024-05
2024,5,6,THATTIKHANA,1326,1326,tankers_reports_2024_5.csv,2024-05-01,2024-05
2024,5,6,VENGALRAONAGAR,3118,3118,tankers_reports_2024_5.csv,2024-05-01,2024-05
2024,5,6,YELLAREDDYGUDA,2785,2785,tankers_reports_2024_5.csv,2024-05-01,2024-05
2024,5,7,BOIGUDA,487,487,tankers_reports_2024_5.csv,2024-05-01,2024-05
2024,5,7,BOUDHANAGAR,224,224,tankers_reports_2024_5.csv,2024-05-01,2024-05
2024,5,7,HUSSAINSAGAR,123,123,tankers_reports_2024_5.csv,2024-05-01,2024-05
2024,5,7,LALAPET,40,40,tankers_reports_2024_5.csv,2024-05-01,2024-05
2024,5,7,MARREDPALLY,360,360,tankers_reports_2024_5.csv,2024-05-01,2024-05
2024,5,7,METTUGUDA,99,99,tankers_reports_2024_5.csv,2024-05-01,2024-05
2024,5,7,NALLAGUTTA,74,74,tankers_reports_2024_5.csv,2024-05-01,2024-05
2024,5,7,PRAKASHNAGAR,424,424,tankers_reports_2024_5.csv,2024-05-01,2024-05
2024,5,7,REGIMENTAL BAZAR,170,170,tankers_reports_2024_5.csv,2024-05-01,2024-05
2024,5,7,SEETHAPALMANDI,820,820,tankers_reports_2024_5.csv,2024-05-01,2024-05
2024,5,7,SRINIVAS NAGAR,1422,1422,tankers_reports_2024_5.csv,2024-05-01,2024-05
2024,5,7,TARNAKA,1576,1576,tankers_reports_2024_5.csv,2024-05-01,2024-05
2024,5,9,BALAJINAGAR (DIV 9),4493,4493,tankers_reports_2024_5.csv,2024-05-01,2024-05
2024,5,9,BALANAGAR,101,101,tankers_reports_2024_5.csv,2024-05-01,2024-05
2024,5,9,BHAGYANAGAR,3315,3315,tankers_reports_2024_5.csv,2024-05-01,2024-05
2024,5,9,BHARATHNAGAR,163,163,tankers_reports_2024_5.csv,2024-05-01,2024-05
2024,5,9,GAYATRI NAGAR,1752,1751,tankers_reports_2024_5.csv,2024-05-01,2024-05
2024,5,9,HASMATHPET,967,967,tankers_reports_2024_5.csv,2024-05-01,2024-05
2024,5,9,KPHB,5649,5649,tankers_reports_2024_5.csv,2024-05-01,2024-05
2024,5,9,KUKATPALLY,695,695,tankers_reports_2024_5.csv,2024-05-01,2024-05
2024,5,9,MOOSAPET,209,209,tankers_reports_2024_5.csv,2024-05-01,2024-05
2024,5,9,MOTI NAGAR,880,880,tankers_reports_2024_5.csv,2024-05-01,2024-05
2024,5,9,VIVEKANANDA NAGAR,324,324,tankers_reports_2024_5.csv,2024-05-01,2024-05
2024,5,9,YELLAMMABANDA,866,866,tankers_reports_2024_5.csv,2024-05-01,2024-05
2024,5,10,ALKAPURI,1830,1830,tankers_reports_2024_5.csv,2024-05-01,2024-05
2024,5,10,DILSHUKNAGAR,243,243,tankers_reports_2024_5.csv,2024-05-01,2024-05
2024,5,10,KOTHAPETA,400,400,tankers_reports_2024_5.csv,2024-05-01,2024-05
2024,5,10,LINGOJIGUDA,180,180,tankers_reports_2024_5.csv,2024-05-01,2024-05
2024,5,10,MARUTHINAGAR (DIV 10),671,671,tankers_reports_2024_5.csv,2024-05-01,2024-05
2024,5,10,SAHEBNAGAR (DIV 10),993,993,tankers_reports_2024_5.csv,2024-05-01,2024-05
2024,5,10,SAROORNAGAR,403,403,tankers_reports_2024_5.csv,2024-05-01,2024-05
2024,5,10,VAISHALINAGAR (DIV 10),212,212,tankers_reports_2024_5.csv,2024-05-01,2024-05
2024,5,12,ADARSHNAGAR,110,110,tankers_reports_2024_5.csv,2024-05-01,2024-05
2024,5,12,Bhagatsingh Nagar,68,68,tankers_reports_2024_5.csv,2024-05-01,2024-05
2024,5,12,CHINTAL,108,108,tankers_reports_2024_5.csv,2024-05-01,2024-05
2024,5,12,GAJULARAMARAM,1349,1349,tankers_reports_2024_5.csv,2024-05-01,2024-05
2024,5,12,JEEDIMETLA,197,197,tankers_reports_2024_5.csv,2024-05-01,2024-05
2024,5,12,Jagathgirigutta,115,115,tankers_reports_2024_5.csv,2024-05-01,2024-05
2024,5,12,SHAPOORNAGAR,724,724,tankers_reports_2024_5.csv,2024-05-01,2024-05
2024,5,12,SURARAM,290,290,tankers_reports_2024_5.csv,2024-05-01,2024-05
2024,5,12,USHODAYA,726,726,tankers_reports_2024_5.csv,2024-05-01,2024-05
2024,5,12,suchitra,588,588,tankers_reports_2024_5.csv,2024-05-01,2024-05
2024,5,13,ALWAL (Div13),73,73,tankers_reports_2024_5.csv,2024-05-01,2024-05
2024,5,13,CHANUKYAPURI,335,335,tankers_reports_2024_5.csv,2024-05-01,2024-05
2024,5,13,DEFENCE COLONY,495,495,tankers_reports_2024_5.csv,2024-05-01,2024-05
2024,5,13,FATHER BALAIAHNAGAR (Div13),1486,1486,tankers_reports_2024_5.csv,2024-05-01,2024-05
2024,5,13,GOWTHAM NAGAR,501,501,tankers_reports_2024_5.csv,2024-05-01,2024-05
2024,5,13,MACHABOLLARAM,277,277,tankers_reports_2024_5.csv,2024-05-01,2024-05
2024,5,13,SAINATHPURAM,415,415,tankers_reports_2024_5.csv,2024-05-01,2024-05
2024,5,13,VAJPAYEE NAGAR,192,192,tankers_reports_2024_5.csv,2024-05-01,2024-05
2024,5,13,VENKATAPURAM,216,216,tankers_reports_2024_5.csv,2024-05-01,2024-05
2024,5,13,YAPRAL (Div13),298,298,tankers_reports_2024_5.csv,2024-05-01,2024-05
2024,5,14,CHERLAPALLY,34,34,tankers_reports_2024_5.csv,2024-05-01,2024-05
2024,5,14,HOUSING BOARD,123,123,tankers_reports_2024_5.csv,2024-05-01,2024-05
2024,5,14,HUBSIGUDA,413,413,tankers_reports_2024_5.csv,2024-05-01,2024-05
2024,5,14,NACHARAM,294,294,tankers_reports_2024_5.csv,2024-05-01,2024-05
2024,5,14,RADHIKA,237,230,tankers_reports_2024_5.csv,2024-05-01,2024-05
2024,5,14,RAMANTHAPUR(DIV 14),238,238,tankers_reports_2024_5.csv,2024-05-01,2024-05
2024,5,14,SAIBABA NAGAR,311,311,tankers_reports_2024_5.csv,2024-05-01,2024-05
2024,5,14,UPPAL,278,278,tankers_reports_2024_5.csv,2024-05-01,2024-05
2024,5,15,CHANDA NAGAR,1016,1016,tankers_reports_2024_5.csv,2024-05-01,2024-05
2024,5,15,DEEPTHISRI NAGAR (DIV 15),1277,1277,tankers_reports_2024_5.csv,2024-05-01,2024-05
2024,5,15,Doyens section,1598,1598,tankers_reports_2024_5.csv,2024-05-01,2024-05
2024,5,15,GACHIBOWLI (DIV 15),4847,4847,tankers_reports_2024_5.csv,2024-05-01,2024-05
2024,5,15,HAFEEZPET (DIV 15),4957,4957,tankers_reports_2024_5.csv,2024-05-01,2024-05
2024,5,15,KONDAPUR (DIV 15),13474,13474,tankers_reports_2024_5.csv,2024-05-01,2024-05
2024,5,15,MADHAPUR,14473,14469,tankers_reports_2024_5.csv,2024-05-01,2024-05
2024,5,15,MIYAPUR,1679,1679,tankers_reports_2024_5.csv,2024-05-01,2024-05
2024,5,15,NALLAGANDLA (DIV 15),55,55,tankers_reports_2024_5.csv,2024-05-01,2024-05
2024,5,15,PATANCHERU (DIV15),3,3,tankers_reports_2024_5.csv,2024-05-01,2024-05
2024,5,15,RAMACHANDRAPURAM,20,20,tankers_reports_2024_5.csv,2024-05-01,2024-05
2024,5,16,ATTAPUR,673,673,tankers_reports_2024_5.csv,2024-05-01,2024-05
2024,5,16,BUDVEL (DIV16),300,300,tankers_reports_2024_5.csv,2024-05-01,2024-05
2024,5,16,HYDERGUDA,2177,2177,tankers_reports_2024_5.csv,2024-05-01,2024-05
2024,5,16,KATEDAN,60,60,tankers_reports_2024_5.csv,2024-05-01,2024-05
2024,5,16,MAILERDEV PALLY,129,129,tankers_reports_2024_5.csv,2024-05-01,2024-05
2024,5,16,SULEMAN NAGAR,252,252,tankers_reports_2024_5.csv,2024-05-01,2024-05
2024,5,18,KISMATHPUR (DIV 18),4183,4183,tankers_reports_2024_5.csv,2024-05-01,2024-05
2024,5,18,MANIKONDA (DIV 18),9696,9694,tankers_reports_2024_5.csv,2024-05-01,2024-05
2024,5,19,BODUPPAL (DIV 19),440,440,tankers_reports_2024_5.csv,2024-05-01,2024-05
2024,5,19,DHAMMAIGUDA (DIV 19),1,1,tankers_reports_2024_5.csv,2024-05-01,2024-05
2024,5,19,PEERJADIGUDA (DIV 19),1706,1706,tankers_reports_2024_5.csv,2024-05-01,2024-05
2024,5,19,POCHARAM (DIV 19),4,4,tankers_reports_2024_5.csv,2024-05-01,2024-05
2024,5,20,BADANGPET  (DIV 20),442,442,tankers_reports_2024_5.csv,2024-05-01,2024-05
2024,5,20,JALPALLY (DIV 20),16,16,tankers_reports_2024_5.csv,2024-05-01,2024-05
2024,5,20,JILLELAGUDA (DIV 20),8,8,tankers_reports_2024_5.csv,2024-05-01,2024-05
2024,5,20,MEERPET (DIV 20),693,693,tankers_reports_2024_5.csv,2024-05-01,2024-05
2024,5,20,THUKKUGUDA (PD 1),1,1,tankers_reports_2024_5.csv,2024-05-01,2024-05
2024,5,22,PEDDA AMBERPET (PD 1),3,3,tankers_reports_2024_5.csv,2024-05-01,2024-05
2024,5,22,TURKAYAMJAL (PD 1),9,9,tankers_reports_2024_5.csv,2024-05-01,2024-05
2024,5,23,BACHUPALLY (PD 7),1480,1480,tankers_reports_2024_5.csv,2024-05-01,2024-05
2024,5,23,GANDIMAISAMMA (PD 7),8,8,tankers_reports_2024_5.csv,2024-05-01,2024-05
2024,5,23,NIZAMPET (PD 7),5302,5302,tankers_reports_2024_5.csv,2024-05-01,2024-05
2024,5,23,PRAGATHINAGAR (PD 7),4346,4346,tankers_reports_2024_5.csv,2024-05-01,2024-05
2024,5,24,AMEENPUR (PD 8),22,22,tankers_reports_2024_5.csv,2024-05-01,2024-05
2024,5,24,BEERAMGUDA (PD 8),12,12,tankers_reports_2024_5.csv,2024-05-01,2024-05
2024,5,24,BOLLARAM (PD 8),1,1,tankers_reports_2024_5.csv,2024-05-01,2024-05
2024,5,24,TELLAPUR (PD 8),2,2,tankers_reports_2024_5.csv,2024-05-01,2024-05
2024,5,25,JAWAHARNAGAR (PD 3),10,10,tankers_reports_2024_5.csv,2024-05-01,2024-05
2024,5,25,KOMPALLY (PD 7),3,3,tankers_reports_2024_5.csv,2024-05-01,2024-05
2024,5,33,ALIABAD,7,7,tankers_reports_2024_5.csv,2024-05-01,2024-05
2024,5,33,BALAPUR,5,5,tankers_reports_2024_5.csv,2024-05-01,2024-05
2024,5,33,BANDLAGUDA  (DIV 2),63,63,tankers_reports_2024_5.csv,2024-05-01,2024-05
2024,5,33,JAHANUMA,6,6,tankers_reports_2024_5.csv,2024-05-01,2024-05
2024,5,33,JANGAMMET,6,6,tankers_reports_2024_5.csv,2024-05-01,2024-05
2024,5,33,KANCHANBAGH,1,1,tankers_reports_2024_5.csv,2024-05-01,2024-05
2024,5,33,MYSARAM,2,2,tankers_reports_2024_5.csv,2024-05-01,2024-05
2024,5,33,RIYASATH NAGAR,2,2,tankers_reports_2024_5.csv,2024-05-01,2024-05
2024,5,34,AUTONAGAR,328,328,tankers_reports_2024_5.csv,2024-05-01,2024-05
2024,5,34,B.N.REDDY NAGAR,83,83,tankers_reports_2024_5.csv,2024-05-01,2024-05
2024,5,34,KAMALANAGAR,413,413,tankers_reports_2024_5.csv,2024-05-01,2024-05
2024,5,34,L.B.NAGAR,207,207,tankers_reports_2024_5.csv,2024-05-01,2024-05
2024,5,34,MANSOORABAD,932,932,tankers_reports_2024_5.csv,2024-05-01,2024-05
2024,5,34,NAGOLE,35,35,tankers_reports_2024_5.csv,2024-05-01,2024-05
2024,5,34,NGO COLONY,332,332,tankers_reports_2024_5.csv,2024-05-01,2024-05
2024,5,34,VANASTHALIPURAM (DIV 10),674,674,tankers_reports_2024_5.csv,2024-05-01,2024-05
2024,7,1,BAHADURPURA,9,9,tankers_reports_2024_7.csv,2024-07-01,2024-07
2024,7,1,DARUL SHIFA,2,2,tankers_reports_2024_7.csv,2024-07-01,2024-07
2024,7,1,DHOOD BOWLI,3,3,tankers_reports_2024_7.csv,2024-07-01,2024-07
2024,7,1,KISHAN BAGH,1,1,tankers_reports_2024_7.csv,2024-07-01,2024-07
2024,7,1,M.R.G.FILTERS,5,5,tankers_reports_2024_7.csv,2024-07-01,2024-07
2024,7,1,PATHERGATTI,1,1,tankers_reports_2024_7.csv,2024-07-01,2024-07
2024,7,2,ASMANGARH,45,45,tankers_reports_2024_7.csv,2024-07-01,2024-07
2024,7,2,AZAMPURA,2,2,tankers_reports_2024_7.csv,2024-07-01,2024-07
2024,7,2,CHANCHALGUDA,6,6,tankers_reports_2024_7.csv,2024-07-01,2024-07
2024,7,2,MADANNAPET,8,8,tankers_reports_2024_7.csv,2024-07-01,2024-07
2024,7,2,MALAKPET,25,25,tankers_reports_2024_7.csv,2024-07-01,2024-07
2024,7,2,MOOSARAMBAGH,136,136,tankers_reports_2024_7.csv,2024-07-01,2024-07
2024,7,2,SAIDABAD,57,57,tankers_reports_2024_7.csv,2024-07-01,2024-07
2024,7,2,SANTOSHNAGAR,2,2,tankers_reports_2024_7.csv,2024-07-01,2024-07
2024,7,2,VINAY NAGAR (DIV 2 (a)),15,15,tankers_reports_2024_7.csv,2024-07-01,2024-07
2024,7,3,AHMED NAGAR,99,99,tankers_reports_2024_7.csv,2024-07-01,2024-07
2024,7,3,ASIF NAGAR,104,104,tankers_reports_2024_7.csv,2024-07-01,2024-07
2024,7,3,CHINTAL BASTHI,251,251,tankers_reports_2024_7.csv,2024-07-01,2024-07
2024,7,3,GOLCONDA,3,3,tankers_reports_2024_7.csv,2024-07-01,2024-07
2024,7,3,HAKEEMPET,116,116,tankers_reports_2024_7.csv,2024-07-01,2024-07
2024,7,3,KAKATIYA NAGAR,567,567,tankers_reports_2024_7.csv,2024-07-01,2024-07
2024,7,3,KARWAN,60,60,tankers_reports_2024_7.csv,2024-07-01,2024-07
2024,7,3,LANGER HOUSE,54,54,tankers_reports_2024_7.csv,2024-07-01,2024-07
2024,7,3,MEHIDIPATNAM,648,648,tankers_reports_2024_7.csv,2024-07-01,2024-07
2024,7,3,OLD MALLEPALLY,35,35,tankers_reports_2024_7.csv,2024-07-01,2024-07
2024,7,3,SHAIKPET,1466,1466,tankers_reports_2024_7.csv,2024-07-01,2024-07
2024,7,3,TAPPA CHABUTRA,16,16,tankers_reports_2024_7.csv,2024-07-01,2024-07
2024,7,3,TOLI CHOWK,636,636,tankers_reports_2024_7.csv,2024-07-01,2024-07
2024,7,3,VIJAYNAGAR COLONY,545,545,tankers_reports_2024_7.csv,2024-07-01,2024-07
2024,7,4,ALLABANDA,2,2,tankers_reports_2024_7.csv,2024-07-01,2024-07
2024,7,4,GODE-KI-KABAR,39,39,tankers_reports_2024_7.csv,2024-07-01,2024-07
2024,7,4,GOWLIGUDA,15,15,tankers_reports_2024_7.csv,2024-07-01,2024-07
2024,7,4,GUNFOUNDRY,235,235,tankers_reports_2024_7.csv,2024-07-01,2024-07
2024,7,4,HINDI NAGAR,52,52,tankers_reports_2024_7.csv,2024-07-01,2024-07
2024,7,4,RED HILLS HIGH LEVEL,183,183,tankers_reports_2024_7.csv,2024-07-01,2024-07
2024,7,4,RED HILLS LOW LEVEL,54,54,tankers_reports_2024_7.csv,2024-07-01,2024-07
2024,7,4,SULTAN BAZAR,60,60,tankers_reports_2024_7.csv,2024-07-01,2024-07
2024,7,5,ADIKMET,72,72,tankers_reports_2024_7.csv,2024-07-01,2024-07
2024,7,5,AMBERPET,16,16,tankers_reports_2024_7.csv,2024-07-01,2024-07
2024,7,5,AZAMABAD,386,386,tankers_reports_2024_7.csv,2024-07-01,2024-07
2024,7,5,BAGH LINGAMPALLY,241,241,tankers_reports_2024_7.csv,2024-07-01,2024-07
2024,7,5,BARKATPURA,182,182,tankers_reports_2024_7.csv,2024-07-01,2024-07
2024,7,5,BOATS CLUB,75,75,tankers_reports_2024_7.csv,2024-07-01,2024-07
2024,7,5,DOMALGUDA,69,69,tankers_reports_2024_7.csv,2024-07-01,2024-07
2024,7,5,GANDHINAGAR,716,716,tankers_reports_2024_7.csv,2024-07-01,2024-07
2024,7,5,MUSHEERABAD,324,324,tankers_reports_2024_7.csv,2024-07-01,2024-07
2024,7,5,NARAYANGUDA,389,389,tankers_reports_2024_7.csv,2024-07-01,2024-07
2024,7,5,SHIVAM,134,134,tankers_reports_2024_7.csv,2024-07-01,2024-07
2024,7,5,VIGYANPURI,43,43,tankers_reports_2024_7.csv,2024-07-01,2024-07
2024,7,6,BANJARA HILLS,2226,2226,tankers_reports_2024_7.csv,2024-07-01,2024-07
2024,7,6,BORABANDA,315,315,tankers_reports_2024_7.csv,2024-07-01,2024-07
2024,7,6,ERRAGADDA,605,605,tankers_reports_2024_7.csv,2024-07-01,2024-07
2024,7,6,FATHENAGAR,979,979,tankers_reports_2024_7.csv,2024-07-01,2024-07
2024,7,6,FILM NAGAR,454,454,tankers_reports_2024_7.csv,2024-07-01,2024-07
2024,7,6,JUBILEE HILLS,2496,2496,tankers_reports_2024_7.csv,2024-07-01,2024-07
2024,7,6,S.P.R HILLS,179,179,tankers_reports_2024_7.csv,2024-07-01,2024-07
2024,7,6,S.R.NAGAR,3502,3502,tankers_reports_2024_7.csv,2024-07-01,2024-07
2024,7,6,SOMAJIGUDA,1153,1153,tankers_reports_2024_7.csv,2024-07-01,2024-07
2024,7,6,THATTIKHANA,644,644,tankers_reports_2024_7.csv,2024-07-01,2024-07
2024,7,6,VENGALRAONAGAR,1983,1983,tankers_reports_2024_7.csv,2024-07-01,2024-07
2024,7,6,YELLAREDDYGUDA,1264,1264,tankers_reports_2024_7.csv,2024-07-01,2024-07
2024,7,7,BOIGUDA,141,141,tankers_reports_2024_7.csv,2024-07-01,2024-07
2024,7,7,BOUDHANAGAR,73,73,tankers_reports_2024_7.csv,2024-07-01,2024-07
2024,7,7,HUSSAINSAGAR,45,45,tankers_reports_2024_7.csv,2024-07-01,2024-07
2024,7,7,LALAPET,14,14,tankers_reports_2024_7.csv,2024-07-01,2024-07
2024,7,7,MARREDPALLY,297,297,tankers_reports_2024_7.csv,2024-07-01,2024-07
2024,7,7,METTUGUDA,68,68,tankers_reports_2024_7.csv,2024-07-01,2024-07
2024,7,7,NALLAGUTTA,49,49,tankers_reports_2024_7.csv,2024-07-01,2024-07
2024,7,7,PRAKASHNAGAR,282,282,tankers_reports_2024_7.csv,2024-07-01,2024-07
2024,7,7,REGIMENTAL BAZAR,103,103,tankers_reports_2024_7.csv,2024-07-01,2024-07
2024,7,7,SEETHAPALMANDI,257,257,tankers_reports_2024_7.csv,2024-07-01,2024-07
2024,7,7,SRINIVAS NAGAR,469,469,tankers_reports_2024_7.csv,2024-07-01,2024-07
2024,7,7,TARNAKA,1130,1130,tankers_reports_2024_7.csv,2024-07-01,2024-07
2024,7,9,BALAJINAGAR (DIV 9),3521,3521,tankers_reports_2024_7.csv,2024-07-01,2024-07
2024,7,9,BALANAGAR,94,94,tankers_reports_2024_7.csv,2024-07-01,2024-07
2024,7,9,BHAGYANAGAR,2424,2424,tankers_reports_2024_7.csv,2024-07-01,2024-07
2024,7,9,BHARATHNAGAR,69,69,tankers_reports_2024_7.csv,2024-07-01,2024-07
2024,7,9,GAYATRI NAGAR,1658,1658,tankers_reports_2024_7.csv,2024-07-01,2024-07
2024,7,9,HASMATHPET,668,668,tankers_reports_2024_7.csv,2024-07-01,2024-07
2024,7,9,KPHB,4200,4200,tankers_reports_2024_7.csv,2024-07-01,2024-07
2024,7,9,KUKATPALLY,561,561,tankers_reports_2024_7.csv,2024-07-01,2024-07
2024,7,9,MOOSAPET,203,203,tankers_reports_2024_7.csv,2024-07-01,2024-07
2024,7,9,MOTI NAGAR,527,527,tankers_reports_2024_7.csv,2024-07-01,2024-07
2024,7,9,VIVEKANANDA NAGAR,208,208,tankers_reports_2024_7.csv,2024-07-01,2024-07
2024,7,9,YELLAMMABANDA,584,584,tankers_reports_2024_7.csv,2024-07-01,2024-07
2024,7,10,ALKAPURI,918,918,tankers_reports_2024_7.csv,2024-07-01,2024-07
2024,7,10,DILSHUKNAGAR,146,146,tankers_reports_2024_7.csv,2024-07-01,2024-07
2024,7,10,KOTHAPETA,34,34,tankers_reports_2024_7.csv,2024-07-01,2024-07
2024,7,10,LINGOJIGUDA,139,139,tankers_reports_2024_7.csv,2024-07-01,2024-07
2024,7,10,MARUTHINAGAR (DIV 10),431,431,tankers_reports_2024_7.csv,2024-07-01,2024-07
2024,7,10,SAHEBNAGAR (DIV 10),225,225,tankers_reports_2024_7.csv,2024-07-01,2024-07
2024,7,10,SAROORNAGAR,338,338,tankers_reports_2024_7.csv,2024-07-01,2024-07
2024,7,10,VAISHALINAGAR (DIV 10),181,181,tankers_reports_2024_7.csv,2024-07-01,2024-07
2024,7,12,ADARSHNAGAR,42,42,tankers_reports_2024_7.csv,2024-07-01,2024-07
2024,7,12,Bhagatsingh Nagar,25,25,tankers_reports_2024_7.csv,2024-07-01,2024-07
2024,7,12,CHINTAL,158,158,tankers_reports_2024_7.csv,2024-07-01,2024-07
2024,7,12,GAJULARAMARAM,1652,1652,tankers_reports_2024_7.csv,2024-07-01,2024-07
2024,7,12,JEEDIMETLA,127,127,tankers_reports_2024_7.csv,2024-07-01,2024-07
2024,7,12,Jagathgirigutta,37,37,tankers_reports_2024_7.csv,2024-07-01,2024-07
2024,7,12,SHAPOORNAGAR,709,709,tankers_reports_2024_7.csv,2024-07-01,2024-07
2024,7,12,SURARAM,315,315,tankers_reports_2024_7.csv,2024-07-01,2024-07
2024,7,12,USHODAYA,701,701,tankers_reports_2024_7.csv,2024-07-01,2024-07
2024,7,12,suchitra,781,781,tankers_reports_2024_7.csv,2024-07-01,2024-07
2024,7,13,ALWAL (Div13),45,45,tankers_reports_2024_7.csv,2024-07-01,2024-07
2024,7,13,CHANUKYAPURI,361,361,tankers_reports_2024_7.csv,2024-07-01,2024-07
2024,7,13,DEFENCE COLONY,261,261,tankers_reports_2024_7.csv,2024-07-01,2024-07
2024,7,13,FATHER BALAIAHNAGAR (Div13),834,834,tankers_reports_2024_7.csv,2024-07-01,2024-07
2024,7,13,GOWTHAM NAGAR,564,564,tankers_reports_2024_7.csv,2024-07-01,2024-07
2024,7,13,MACHABOLLARAM,211,211,tankers_reports_2024_7.csv,2024-07-01,2024-07
2024,7,13,SAINATHPURAM,534,534,tankers_reports_2024_7.csv,2024-07-01,2024-07
2024,7,13,VAJPAYEE NAGAR,119,119,tankers_reports_2024_7.csv,2024-07-01,2024-07
2024,7,13,VENKATAPURAM,143,143,tankers_reports_2024_7.csv,2024-07-01,2024-07
2024,7,13,YAPRAL (Div13),132,132,tankers_reports_2024_7.csv,2024-07-01,2024-07
2024,7,14,CHERLAPALLY,33,33,tankers_reports_2024_7.csv,2024-07-01,2024-07
2024,7,14,HOUSING BOARD,67,67,tankers_reports_2024_7.csv,2024-07-01,2024-07
2024,7,14,HUBSIGUDA,270,270,tankers_reports_2024_7.csv,2024-07-01,2024-07
2024,7,14,NACHARAM,164,164,tankers_reports_2024_7.csv,2024-07-01,2024-07
2024,7,14,RADHIKA,211,211,tankers_reports_2024_7.csv,2024-07-01,2024-07
2024,7,14,RAMANTHAPUR(DIV 14),133,133,tankers_reports_2024_7.csv,2024-07-01,2024-07
2024,7,14,SAIBABA NAGAR,275,275,tankers_reports_2024_7.csv,2024-07-01,2024-07
2024,7,14,UPPAL,80,80,tankers_reports_2024_7.csv,2024-07-01,2024-07
2024,7,15,CHANDA NAGAR,574,574,tankers_reports_2024_7.csv,2024-07-01,2024-07
2024,7,15,DEEPTHISRI NAGAR (DIV 15),861,861,tankers_reports_2024_7.csv,2024-07-01,2024-07
2024,7,15,Doyens section,1258,1258,tankers_reports_2024_7.csv,2024-07-01,2024-07
2024,7,15,GACHIBOWLI (DIV 15),3836,3836,tankers_reports_2024_7.csv,2024-07-01,2024-07
2024,7,15,HAFEEZPET (DIV 15),4178,4178,tankers_reports_2024_7.csv,2024-07-01,2024-07
2024,7,15,KONDAPUR (DIV 15),10450,10450,tankers_reports_2024_7.csv,2024-07-01,2024-07
2024,7,15,MADHAPUR,10042,10042,tankers_reports_2024_7.csv,2024-07-01,2024-07
2024,7,15,MIYAPUR,936,936,tankers_reports_2024_7.csv,2024-07-01,2024-07
2024,7,15,NALLAGANDLA (DIV 15),35,35,tankers_reports_2024_7.csv,2024-07-01,2024-07
2024,7,15,RAMACHANDRAPURAM,11,11,tankers_reports_2024_7.csv,2024-07-01,2024-07
2024,7,16,ATTAPUR,285,285,tankers_reports_2024_7.csv,2024-07-01,2024-07
2024,7,16,BUDVEL (DIV16),148,148,tankers_reports_2024_7.csv,2024-07-01,2024-07
2024,7,16,HYDERGUDA,1499,1498,tankers_reports_2024_7.csv,2024-07-01,2024-07
2024,7,16,KATEDAN,74,74,tankers_reports_2024_7.csv,2024-07-01,2024-07
2024,7,16,MAILERDEV PALLY,80,80,tankers_reports_2024_7.csv,2024-07-01,2024-07
2024,7,16,SULEMAN NAGAR,122,122,tankers_reports_2024_7.csv,2024-07-01,2024-07
2024,7,18,KISMATHPUR (DIV 18),4667,4667,tankers_reports_2024_7.csv,2024-07-01,2024-07
2024,7,18,MANIKONDA (DIV 18),9259,9258,tankers_reports_2024_7.csv,2024-07-01,2024-07
2024,7,19,BODUPPAL (DIV 19),184,184,tankers_reports_2024_7.csv,2024-07-01,2024-07
2024,7,19,DHAMMAIGUDA (DIV 19),2,2,tankers_reports_2024_7.csv,2024-07-01,2024-07
2024,7,19,NAGARAM (DIV 19),1,1,tankers_reports_2024_7.csv,2024-07-01,2024-07
2024,7,19,PEERJADIGUDA (DIV 19),1033,1033,tankers_reports_2024_7.csv,2024-07-01,2024-07
2024,7,20,BADANGPET  (DIV 20),31,31,tankers_reports_2024_7.csv,2024-07-01,2024-07
2024,7,20,JALPALLY (DIV 20),3,3,tankers_reports_2024_7.csv,2024-07-01,2024-07
2024,7,20,JILLELAGUDA (DIV 20),11,11,tankers_reports_2024_7.csv,2024-07-01,2024-07
2024,7,20,MEERPET (DIV 20),114,114,tankers_reports_2024_7.csv,2024-07-01,2024-07
2024,7,20,SHAMSHABAD (DIV 20),2,2,tankers_reports_2024_7.csv,2024-07-01,2024-07
2024,7,22,PEDDA AMBERPET (PD 1),1,1,tankers_reports_2024_7.csv,2024-07-01,2024-07
2024,7,22,TURKAYAMJAL (PD 1),1,1,tankers_reports_2024_7.csv,2024-07-01,2024-07
2024,7,23,BACHUPALLY (PD 7),1345,1345,tankers_reports_2024_7.csv,2024-07-01,2024-07
2024,7,23,GANDIMAISAMMA (PD 7),1,1,tankers_reports_2024_7.csv,2024-07-01,2024-07
2024,7,23,NIZAMPET (PD 7),4880,4880,tankers_reports_2024_7.csv,2024-07-01,2024-07
2024,7,23,PRAGATHINAGAR (PD 7),3523,3523,tankers_reports_2024_7.csv,2024-07-01,2024-07
2024,7,24,AMEENPUR (PD 8),35,35,tankers_reports_2024_7.csv,2024-07-01,2024-07
2024,7,24,BEERAMGUDA (PD 8),13,13,tankers_reports_2024_7.csv,2024-07-01,2024-07
2024,7,25,JAWAHARNAGAR (PD 3),1,1,tankers_reports_2024_7.csv,2024-07-01,2024-07
2024,7,25,KOMPALLY (PD 7),1,1,tankers_reports_2024_7.csv,2024-07-01,2024-07
2024,7,25,THOOMKUNTA (PD 3),1,1,tankers_reports_2024_7.csv,2024-07-01,2024-07
2024,7,33,ALIABAD,1,1,tankers_reports_2024_7.csv,2024-07-01,2024-07
2024,7,33,BALAPUR,1,1,tankers_reports_2024_7.csv,2024-07-01,2024-07
2024,7,33,BANDLAGUDA  (DIV 2),16,16,tankers_reports_2024_7.csv,2024-07-01,2024-07
2024,7,33,GOWLIPURA,1,1,tankers_reports_2024_7.csv,2024-07-01,2024-07
2024,7,33,KANCHANBAGH,1,1,tankers_reports_2024_7.csv,2024-07-01,2024-07
2024,7,33,MYSARAM,3,3,tankers_reports_2024_7.csv,2024-07-01,2024-07
2024,7,33,RIYASATH NAGAR,2,2,tankers_reports_2024_7.csv,2024-07-01,2024-07
2024,7,34,AUTONAGAR,134,134,tankers_reports_2024_7.csv,2024-07-01,2024-07
2024,7,34,B.N.REDDY NAGAR,22,22,tankers_reports_2024_7.csv,2024-07-01,2024-07
2024,7,34,KAMALANAGAR,49,49,tankers_reports_2024_7.csv,2024-07-01,2024-07
2024,7,34,L.B.NAGAR,194,194,tankers_reports_2024_7.csv,2024-07-01,2024-07
2024,7,34,MANSOORABAD,553,553,tankers_reports_2024_7.csv,2024-07-01,2024-07
2024,7,34,NAGOLE,10,10,tankers_reports_2024_7.csv,2024-07-01,2024-07
2024,7,34,NGO COLONY,52,52,tankers_reports_2024_7.csv,2024-07-01,2024-07
2024,7,34,VANASTHALIPURAM (DIV 10),213,213,tankers_reports_2024_7.csv,2024-07-01,2024-07
2024,8,1,BAHADURPURA,11,11,tankers_reports_2024_8.csv,2024-08-01,2024-08
2024,8,1,CHANUDLAL BHARADARI,5,5,tankers_reports_2024_8.csv,2024-08-01,2024-08
2024,8,1,DARUL SHIFA,13,13,tankers_reports_2024_8.csv,2024-08-01,2024-08
2024,8,1,DHOOD BOWLI,2,2,tankers_reports_2024_8.csv,2024-08-01,2024-08
2024,8,1,HASSAN NAGAR,3,3,tankers_reports_2024_8.csv,2024-08-01,2024-08
2024,8,1,KISHAN BAGH,1,1,tankers_reports_2024_8.csv,2024-08-01,2024-08
2024,8,1,M.R.G.FILTERS,2,2,tankers_reports_2024_8.csv,2024-08-01,2024-08
2024,8,1,MISRIGUNJ,1,1,tankers_reports_2024_8.csv,2024-08-01,2024-08
2024,8,1,MOGHULPURA,2,2,tankers_reports_2024_8.csv,2024-08-01,2024-08
2024,8,1,VATTEPALLY,2,2,tankers_reports_2024_8.csv,2024-08-01,2024-08
2024,8,2,ASMANGARH,73,73,tankers_reports_2024_8.csv,2024-08-01,2024-08
2024,8,2,AZAMPURA,1,1,tankers_reports_2024_8.csv,2024-08-01,2024-08
2024,8,2,CHANCHALGUDA,8,8,tankers_reports_2024_8.csv,2024-08-01,2024-08
2024,8,2,MADANNAPET,4,4,tankers_reports_2024_8.csv,2024-08-01,2024-08
2024,8,2,MALAKPET,36,36,tankers_reports_2024_8.csv,2024-08-01,2024-08
2024,8,2,MOOSARAMBAGH,96,96,tankers_reports_2024_8.csv,2024-08-01,2024-08
2024,8,2,SAIDABAD,74,74,tankers_reports_2024_8.csv,2024-08-01,2024-08
2024,8,2,SANTOSHNAGAR,3,3,tankers_reports_2024_8.csv,2024-08-01,2024-08
2024,8,2,VINAY NAGAR (DIV 2 (a)),13,13,tankers_reports_2024_8.csv,2024-08-01,2024-08
2024,8,3,AHMED NAGAR,99,99,tankers_reports_2024_8.csv,2024-08-01,2024-08
2024,8,3,ASIF NAGAR,40,40,tankers_reports_2024_8.csv,2024-08-01,2024-08
2024,8,3,CHINTAL BASTHI,200,200,tankers_reports_2024_8.csv,2024-08-01,2024-08
2024,8,3,GOLCONDA,4,4,tankers_reports_2024_8.csv,2024-08-01,2024-08
2024,8,3,HAKEEMPET,107,107,tankers_reports_2024_8.csv,2024-08-01,2024-08
2024,8,3,KAKATIYA NAGAR,258,258,tankers_reports_2024_8.csv,2024-08-01,2024-08
2024,8,3,KARWAN,34,34,tankers_reports_2024_8.csv,2024-08-01,2024-08
2024,8,3,LANGER HOUSE,18,18,tankers_reports_2024_8.csv,2024-08-01,2024-08
2024,8,3,MEHIDIPATNAM,222,222,tankers_reports_2024_8.csv,2024-08-01,2024-08
2024,8,3,OLD MALLEPALLY,33,33,tankers_reports_2024_8.csv,2024-08-01,2024-08
2024,8,3,SHAIKPET,787,787,tankers_reports_2024_8.csv,2024-08-01,2024-08
2024,8,3,TAPPA CHABUTRA,11,11,tankers_reports_2024_8.csv,2024-08-01,2024-08
2024,8,3,TOLI CHOWK,329,329,tankers_reports_2024_8.csv,2024-08-01,2024-08
2024,8,3,VIJAYNAGAR COLONY,394,394,tankers_reports_2024_8.csv,2024-08-01,2024-08
2024,8,4,ALLABANDA,6,6,tankers_reports_2024_8.csv,2024-08-01,2024-08
2024,8,4,GODE-KI-KABAR,23,23,tankers_reports_2024_8.csv,2024-08-01,2024-08
2024,8,4,GOWLIGUDA,22,22,tankers_reports_2024_8.csv,2024-08-01,2024-08
2024,8,4,GUNFOUNDRY,199,199,tankers_reports_2024_8.csv,2024-08-01,2024-08
2024,8,4,HINDI NAGAR,54,54,tankers_reports_2024_8.csv,2024-08-01,2024-08
2024,8,4,RED HILLS HIGH LEVEL,146,146,tankers_reports_2024_8.csv,2024-08-01,2024-08
2024,8,4,RED HILLS LOW LEVEL,37,37,tankers_reports_2024_8.csv,2024-08-01,2024-08
2024,8,4,SULTAN BAZAR,58,58,tankers_reports_2024_8.csv,2024-08-01,2024-08
2024,8,4,ZIAGUDA,4,4,tankers_reports_2024_8.csv,2024-08-01,2024-08
2024,8,5,ADIKMET,54,54,tankers_reports_2024_8.csv,2024-08-01,2024-08
2024,8,5,AMBERPET,11,11,tankers_reports_2024_8.csv,2024-08-01,2024-08
2024,8,5,AZAMABAD,299,299,tankers_reports_2024_8.csv,2024-08-01,2024-08
2024,8,5,BAGH LINGAMPALLY,220,220,tankers_reports_2024_8.csv,2024-08-01,2024-08
2024,8,5,BARKATPURA,161,161,tankers_reports_2024_8.csv,2024-08-01,2024-08
2024,8,5,BOATS CLUB,63,63,tankers_reports_2024_8.csv,2024-08-01,2024-08
2024,8,5,DOMALGUDA,84,84,tankers_reports_2024_8.csv,2024-08-01,2024-08
2024,8,5,GANDHINAGAR,581,581,tankers_reports_2024_8.csv,2024-08-01,2024-08
2024,8,5,MUSHEERABAD,134,134,tankers_reports_2024_8.csv,2024-08-01,2024-08
2024,8,5,NARAYANGUDA,435,435,tankers_reports_2024_8.csv,2024-08-01,2024-08
2024,8,5,SHIVAM,174,174,tankers_reports_2024_8.csv,2024-08-01,2024-08
2024,8,5,VIGYANPURI,39,39,tankers_reports_2024_8.csv,2024-08-01,2024-08
2024,8,6,BANJARA HILLS,1884,1884,tankers_reports_2024_8.csv,2024-08-01,2024-08
2024,8,6,BORABANDA,201,201,tankers_reports_2024_8.csv,2024-08-01,2024-08
2024,8,6,ERRAGADDA,478,478,tankers_reports_2024_8.csv,2024-08-01,2024-08
2024,8,6,FATHENAGAR,494,494,tankers_reports_2024_8.csv,2024-08-01,2024-08
2024,8,6,FILM NAGAR,371,369,tankers_reports_2024_8.csv,2024-08-01,2024-08
2024,8,6,JUBILEE HILLS,1794,1794,tankers_reports_2024_8.csv,2024-08-01,2024-08
2024,8,6,S.P.R HILLS,187,187,tankers_reports_2024_8.csv,2024-08-01,2024-08
2024,8,6,S.R.NAGAR,2043,2043,tankers_reports_2024_8.csv,2024-08-01,2024-08
2024,8,6,SOMAJIGUDA,936,936,tankers_reports_2024_8.csv,2024-08-01,2024-08
2024,8,6,THATTIKHANA,512,512,tankers_reports_2024_8.csv,2024-08-01,2024-08
2024,8,6,VENGALRAONAGAR,1077,1077,tankers_reports_2024_8.csv,2024-08-01,2024-08
2024,8,6,YELLAREDDYGUDA,660,660,tankers_reports_2024_8.csv,2024-08-01,2024-08
2024,8,7,BOIGUDA,57,57,tankers_reports_2024_8.csv,2024-08-01,2024-08
2024,8,7,BOUDHANAGAR,45,45,tankers_reports_2024_8.csv,2024-08-01,2024-08
2024,8,7,HUSSAINSAGAR,28,28,tankers_reports_2024_8.csv,2024-08-01,2024-08
2024,8,7,LALAPET,15,15,tankers_reports_2024_8.csv,2024-08-01,2024-08
2024,8,7,MARREDPALLY,239,239,tankers_reports_2024_8.csv,2024-08-01,2024-08
2024,8,7,METTUGUDA,36,36,tankers_reports_2024_8.csv,2024-08-01,2024-08
2024,8,7,NALLAGUTTA,37,37,tankers_reports_2024_8.csv,2024-08-01,2024-08
2024,8,7,PRAKASHNAGAR,309,309,tankers_reports_2024_8.csv,2024-08-01,2024-08
2024,8,7,REGIMENTAL BAZAR,94,94,tankers_reports_2024_8.csv,2024-08-01,2024-08
2024,8,7,SEETHAPALMANDI,127,127,tankers_reports_2024_8.csv,2024-08-01,2024-08
2024,8,7,SRINIVAS NAGAR,176,176,tankers_reports_2024_8.csv,2024-08-01,2024-08
2024,8,7,TARNAKA,544,544,tankers_reports_2024_8.csv,2024-08-01,2024-08
2024,8,9,BALAJINAGAR (DIV 9),2111,2111,tankers_reports_2024_8.csv,2024-08-01,2024-08
2024,8,9,BALANAGAR,48,48,tankers_reports_2024_8.csv,2024-08-01,2024-08
2024,8,9,BHAGYANAGAR,1318,1318,tankers_reports_2024_8.csv,2024-08-01,2024-08
2024,8,9,BHARATHNAGAR,36,36,tankers_reports_2024_8.csv,2024-08-01,2024-08
2024,8,9,GAYATRI NAGAR,1129,1129,tankers_reports_2024_8.csv,2024-08-01,2024-08
2024,8,9,HASMATHPET,494,494,tankers_reports_2024_8.csv,2024-08-01,2024-08
2024,8,9,KPHB,1970,1969,tankers_reports_2024_8.csv,2024-08-01,2024-08
2024,8,9,KUKATPALLY,193,193,tankers_reports_2024_8.csv,2024-08-01,2024-08
2024,8,9,MOOSAPET,115,115,tankers_reports_2024_8.csv,2024-08-01,2024-08
2024,8,9,MOTI NAGAR,311,311,tankers_reports_2024_8.csv,2024-08-01,2024-08
2024,8,9,VIVEKANANDA NAGAR,149,149,tankers_reports_2024_8.csv,2024-08-01,2024-08
2024,8,9,YELLAMMABANDA,378,378,tankers_reports_2024_8.csv,2024-08-01,2024-08
2024,8,10,ALKAPURI,829,829,tankers_reports_2024_8.csv,2024-08-01,2024-08
2024,8,10,DILSHUKNAGAR,104,104,tankers_reports_2024_8.csv,2024-08-01,2024-08
2024,8,10,KOTHAPETA,55,55,tankers_reports_2024_8.csv,2024-08-01,2024-08
2024,8,10,LINGOJIGUDA,104,104,tankers_reports_2024_8.csv,2024-08-01,2024-08
2024,8,10,MARUTHINAGAR (DIV 10),289,289,tankers_reports_2024_8.csv,2024-08-01,2024-08
2024,8,10,SAHEBNAGAR (DIV 10),205,205,tankers_reports_2024_8.csv,2024-08-01,2024-08
2024,8,10,SAROORNAGAR,339,339,tankers_reports_2024_8.csv,2024-08-01,2024-08
2024,8,10,VAISHALINAGAR (DIV 10),156,156,tankers_reports_2024_8.csv,2024-08-01,2024-08
2024,8,12,ADARSHNAGAR,28,28,tankers_reports_2024_8.csv,2024-08-01,2024-08
2024,8,12,Bhagatsingh Nagar,21,21,tankers_reports_2024_8.csv,2024-08-01,2024-08
2024,8,12,CHINTAL,110,110,tankers_reports_2024_8.csv,2024-08-01,2024-08
2024,8,12,GAJULARAMARAM,567,567,tankers_reports_2024_8.csv,2024-08-01,2024-08
2024,8,12,JEEDIMETLA,86,86,tankers_reports_2024_8.csv,2024-08-01,2024-08
2024,8,12,Jagathgirigutta,57,57,tankers_reports_2024_8.csv,2024-08-01,2024-08
2024,8,12,SHAPOORNAGAR,343,343,tankers_reports_2024_8.csv,2024-08-01,2024-08
2024,8,12,SURARAM,153,153,tankers_reports_2024_8.csv,2024-08-01,2024-08
2024,8,12,USHODAYA,304,304,tankers_reports_2024_8.csv,2024-08-01,2024-08
2024,8,12,suchitra,499,499,tankers_reports_2024_8.csv,2024-08-01,2024-08
2024,8,13,ALWAL (Div13),45,45,tankers_reports_2024_8.csv,2024-08-01,2024-08
2024,8,13,CHANUKYAPURI,285,285,tankers_reports_2024_8.csv,2024-08-01,2024-08
2024,8,13,DEFENCE COLONY,132,132,tankers_reports_2024_8.csv,2024-08-01,2024-08
2024,8,13,FATHER BALAIAHNAGAR (Div13),447,447,tankers_reports_2024_8.csv,2024-08-01,2024-08
2024,8,13,GOWTHAM NAGAR,375,375,tankers_reports_2024_8.csv,2024-08-01,2024-08
2024,8,13,MACHABOLLARAM,99,99,tankers_reports_2024_8.csv,2024-08-01,2024-08
2024,8,13,SAINATHPURAM,348,348,tankers_reports_2024_8.csv,2024-08-01,2024-08
2024,8,13,VAJPAYEE NAGAR,78,78,tankers_reports_2024_8.csv,2024-08-01,2024-08
2024,8,13,VENKATAPURAM,133,133,tankers_reports_2024_8.csv,2024-08-01,2024-08
2024,8,13,YAPRAL (Div13),133,133,tankers_reports_2024_8.csv,2024-08-01,2024-08
2024,8,14,CHERLAPALLY,27,27,tankers_reports_2024_8.csv,2024-08-01,2024-08
2024,8,14,HOUSING BOARD,65,65,tankers_reports_2024_8.csv,2024-08-01,2024-08
2024,8,14,HUBSIGUDA,249,249,tankers_reports_2024_8.csv,2024-08-01,2024-08
2024,8,14,NACHARAM,119,119,tankers_reports_2024_8.csv,2024-08-01,2024-08
2024,8,14,RADHIKA,110,110,tankers_reports_2024_8.csv,2024-08-01,2024-08
2024,8,14,RAMANTHAPUR(DIV 14),121,121,tankers_reports_2024_8.csv,2024-08-01,2024-08
2024,8,14,SAIBABA NAGAR,190,190,tankers_reports_2024_8.csv,2024-08-01,2024-08
2024,8,14,UPPAL,71,71,tankers_reports_2024_8.csv,2024-08-01,2024-08
2024,8,15,CHANDA NAGAR,410,410,tankers_reports_2024_8.csv,2024-08-01,2024-08
2024,8,15,DEEPTHISRI NAGAR (DIV 15),479,479,tankers_reports_2024_8.csv,2024-08-01,2024-08
2024,8,15,Doyens section,959,958,tankers_reports_2024_8.csv,2024-08-01,2024-08
2024,8,15,GACHIBOWLI (DIV 15),2428,2428,tankers_reports_2024_8.csv,2024-08-01,2024-08
2024,8,15,HAFEEZPET (DIV 15),3090,3090,tankers_reports_2024_8.csv,2024-08-01,2024-08
2024,8,15,KONDAPUR (DIV 15),5750,5750,tankers_reports_2024_8.csv,2024-08-01,2024-08
2024,8,15,MADHAPUR,7257,7257,tankers_reports_2024_8.csv,2024-08-01,2024-08
2024,8,15,MIYAPUR,620,620,tankers_reports_2024_8.csv,2024-08-01,2024-08
2024,8,15,NALLAGANDLA (DIV 15),33,33,tankers_reports_2024_8.csv,2024-08-01,2024-08
2024,8,15,RAMACHANDRAPURAM,12,12,tankers_reports_2024_8.csv,2024-08-01,2024-08
2024,8,16,ATTAPUR,233,233,tankers_reports_2024_8.csv,2024-08-01,2024-08
2024,8,16,BUDVEL (DIV16),114,114,tankers_reports_2024_8.csv,2024-08-01,2024-08
2024,8,16,HYDERGUDA,1070,1070,tankers_reports_2024_8.csv,2024-08-01,2024-08
2024,8,16,KATEDAN,33,33,tankers_reports_2024_8.csv,2024-08-01,2024-08
2024,8,16,MAILERDEV PALLY,50,50,tankers_reports_2024_8.csv,2024-08-01,2024-08
2024,8,16,SULEMAN NAGAR,104,104,tankers_reports_2024_8.csv,2024-08-01,2024-08
2024,8,18,KISMATHPUR (DIV 18),4310,4309,tankers_reports_2024_8.csv,2024-08-01,2024-08
2024,8,18,MANIKONDA (DIV 18),6235,6235,tankers_reports_2024_8.csv,2024-08-01,2024-08
2024,8,19,BODUPPAL (DIV 19),113,113,tankers_reports_2024_8.csv,2024-08-01,2024-08
2024,8,19,NAGARAM (DIV 19),1,1,tankers_reports_2024_8.csv,2024-08-01,2024-08
2024,8,19,PEERJADIGUDA (DIV 19),557,557,tankers_reports_2024_8.csv,2024-08-01,2024-08
2024,8,20,BADANGPET  (DIV 20),17,17,tankers_reports_2024_8.csv,2024-08-01,2024-08
2024,8,20,JILLELAGUDA (DIV 20),13,13,tankers_reports_2024_8.csv,2024-08-01,2024-08
2024,8,20,MEERPET (DIV 20),90,90,tankers_reports_2024_8.csv,2024-08-01,2024-08
2024,8,20,SHAMSHABAD (DIV 20),3,3,tankers_reports_2024_8.csv,2024-08-01,2024-08
2024,8,22,TURKAYAMJAL (PD 1),2,2,tankers_reports_2024_8.csv,2024-08-01,2024-08
2024,8,23,BACHUPALLY (PD 7),762,762,tankers_reports_2024_8.csv,2024-08-01,2024-08
2024,8,23,GANDIMAISAMMA (PD 7),2,2,tankers_reports_2024_8.csv,2024-08-01,2024-08
2024,8,23,NIZAMPET (PD 7),2823,2823,tankers_reports_2024_8.csv,2024-08-01,2024-08
2024,8,23,PRAGATHINAGAR (PD 7),2492,2492,tankers_reports_2024_8.csv,2024-08-01,2024-08
2024,8,24,AMEENPUR (PD 8),23,23,tankers_reports_2024_8.csv,2024-08-01,2024-08
2024,8,24,BEERAMGUDA (PD 8),4,4,tankers_reports_2024_8.csv,2024-08-01,2024-08
2024,8,24,BOLLARAM (PD 8),1,1,tankers_reports_2024_8.csv,2024-08-01,2024-08
2024,8,25,JAWAHARNAGAR (PD 3),2,2,tankers_reports_2024_8.csv,2024-08-01,2024-08
2024,8,33,ALIABAD,1,1,tankers_reports_2024_8.csv,2024-08-01,2024-08
2024,8,33,BALAPUR,1,1,tankers_reports_2024_8.csv,2024-08-01,2024-08
2024,8,33,BANDLAGUDA  (DIV 2),18,18,tankers_reports_2024_8.csv,2024-08-01,2024-08
2024,8,33,GOWLIPURA,2,2,tankers_reports_2024_8.csv,2024-08-01,2024-08
2024,8,33,KANCHANBAGH,4,4,tankers_reports_2024_8.csv,2024-08-01,2024-08
2024,8,33,MYSARAM,2,2,tankers_reports_2024_8.csv,2024-08-01,2024-08
2024,8,33,RIYASATH NAGAR,1,1,tankers_reports_2024_8.csv,2024-08-01,2024-08
2024,8,34,AUTONAGAR,128,128,tankers_reports_2024_8.csv,2024-08-01,2024-08
2024,8,34,B.N.REDDY NAGAR,21,21,tankers_reports_2024_8.csv,2024-08-01,2024-08
2024,8,34,KAMALANAGAR,48,48,tankers_reports_2024_8.csv,2024-08-01,2024-08
2024,8,34,L.B.NAGAR,143,143,tankers_reports_2024_8.csv,2024-08-01,2024-08
2024,8,34,MANSOORABAD,387,387,tankers_reports_2024_8.csv,2024-08-01,2024-08
2024,8,34,NAGOLE,9,9,tankers_reports_2024_8.csv,2024-08-01,2024-08
2024,8,34,NGO COLONY,69,69,tankers_reports_2024_8.csv,2024-08-01,2024-08
2024,8,34,VANASTHALIPURAM (DIV 10),199,199,tankers_reports_2024_8.csv,2024-08-01,2024-08
