row_id,_source_file,month_start,year,month,booking_location,tankers_booked,tankers_delivered,delivery_gap,index,division,section,noofbookings,delivered
R1,tankers_reports_2024_12.csv,2024-12-01,2024,12,,8,8,0,0,1,BAHADURPURA,8,8
R2,tankers_reports_2024_12.csv,2024-12-01,2024,12,,3,3,0,1,1,CHANUDLAL BHARADARI,3,3
R3,tankers_reports_2024_12.csv,2024-12-01,2024,12,,1,1,0,2,1,DARUL SHIFA,1,1
R4,tankers_reports_2024_12.csv,2024-12-01,2024,12,,4,4,0,3,1,DHOOD BOWLI,4,4
R5,tankers_reports_2024_12.csv,2024-12-01,2024,12,,2,2,0,4,1,HASSAN NAGAR,2,2
R6,tankers_reports_2024_12.csv,2024-12-01,2024,12,,1,1,0,5,1,M.R.G.FILTERS,1,1
R7,tankers_reports_2024_12.csv,2024-12-01,2024,12,,1,1,0,6,1,MOGHULPURA,1,1
R8,tankers_reports_2024_12.csv,2024-12-01,2024,12,,1,1,0,7,1,VATTEPALLY,1,1
R9,tankers_reports_2024_12.csv,2024-12-01,2024,12,,58,58,0,8,2,ASMANGARH,58,58
R10,tankers_reports_2024_12.csv,2024-12-01,2024,12,,2,2,0,9,2,AZAMPURA,2,2
R11,tankers_reports_2024_12.csv,2024-12-01,2024,12,,8,8,0,10,2,CHANCHALGUDA,8,8
R12,tankers_reports_2024_12.csv,2024-12-01,2024,12,,8,8,0,11,2,MADANNAPET,8,8
R13,tankers_reports_2024_12.csv,2024-12-01,2024,12,,20,20,0,12,2,MALAKPET,20,20
R14,tankers_reports_2024_12.csv,2024-12-01,2024,12,,80,80,0,13,2,MOOSARAMBAGH,80,80
R15,tankers_reports_2024_12.csv,2024-12-01,2024,12,,64,64,0,14,2,SAIDABAD,64,64
R16,tankers_reports_2024_12.csv,2024-12-01,2024,12,,6,6,0,15,2,SANTOSHNAGAR,6,6
R17,tankers_reports_2024_12.csv,2024-12-01,2024,12,,7,7,0,16,2,VINAY NAGAR (DIV 2 (a)),7,7
R18,tankers_reports_2024_12.csv,2024-12-01,2024,12,,1,1,0,17,2,YAKATPURA,1,1
R19,tankers_reports_2024_12.csv,2024-12-01,2024,12,,65,65,0,18,3,AHMED NAGAR,65,65
R20,tankers_reports_2024_12.csv,2024-12-01,2024,12,,26,26,0,19,3,ASIF NAGAR,26,26
R21,tankers_reports_2024_12.csv,2024-12-01,2024,12,,130,130,0,20,3,CHINTAL BASTHI,130,130
R22,tankers_reports_2024_12.csv,2024-12-01,2024,12,,5,5,0,21,3,GOLCONDA,5,5
R23,tankers_reports_2024_12.csv,2024-12-01,2024,12,,112,112,0,22,3,HAKEEMPET,112,112
R24,tankers_reports_2024_12.csv,2024-12-01,2024,12,,130,130,0,23,3,KAKATIYA NAGAR,130,130
R25,tankers_reports_2024_12.csv,2024-12-01,2024,12,,4,4,0,24,3,KARWAN,4,4
R26,tankers_reports_2024_12.csv,2024-12-01,2024,12,,18,18,0,25,3,LANGER HOUSE,18,18
R27,tankers_reports_2024_12.csv,2024-12-01,2024,12,,124,124,0,26,3,MEHIDIPATNAM,124,124
R28,tankers_reports_2024_12.csv,2024-12-01,2024,12,,27,27,0,27,3,OLD MALLEPALLY,27,27
R29,tankers_reports_2024_12.csv,2024-12-01,2024,12,,553,553,0,28,3,SHAIKPET,553,553
R30,tankers_reports_2024_12.csv,2024-12-01,2024,12,,19,19,0,29,3,TAPPA CHABUTRA,19,19
R31,tankers_reports_2024_12.csv,2024-12-01,2024,12,,334,334,0,30,3,TOLI CHOWK,334,334
R32,tankers_reports_2024_12.csv,2024-12-01,2024,12,,434,434,0,31,3,VIJAYNAGAR COLONY,434,434
R33,tankers_reports_2024_12.csv,2024-12-01,2024,12,,1,1,0,32,4,ALLABANDA,1,1
R34,tankers_reports_2024_12.csv,2024-12-01,2024,12,,25,25,0,33,4,GODE-KI-KABAR,25,25
R35,tankers_reports_2024_12.csv,2024-12-01,2024,12,,13,13,0,34,4,GOWLIGUDA,13,13
R36,tankers_reports_2024_12.csv,2024-12-01,2024,12,,253,253,0,35,4,GUNFOUNDRY,253,253
R37,tankers_reports_2024_12.csv,2024-12-01,2024,12,,42,42,0,36,4,HINDI NAGAR,42,42
R38,tankers_reports_2024_12.csv,2024-12-01,2024,12,,329,329,0,37,4,RED HILLS HIGH LEVEL,329,329
R39,tankers_reports_2024_12.csv,2024-12-01,2024,12,,68,68,0,38,4,RED HILLS LOW LEVEL,68,68
R40,tankers_reports_2024_12.csv,2024-12-01,2024,12,,64,64,0,39,4,SULTAN BAZAR,64,64
R41,tankers_reports_2024_12.csv,2024-12-01,2024,12,,5,5,0,40,4,ZIAGUDA,5,5
R42,tankers_reports_2024_12.csv,2024-12-01,2024,12,,36,36,0,41,5,ADIKMET,36,36
R43,tankers_reports_2024_12.csv,2024-12-01,2024,12,,7,7,0,42,5,AMBERPET,7,7
R44,tankers_reports_2024_12.csv,2024-12-01,2024,12,,284,284,0,43,5,AZAMABAD,284,284
R45,tankers_reports_2024_12.csv,2024-12-01,2024,12,,207,207,0,44,5,BAGH LINGAMPALLY,207,207
R46,tankers_reports_2024_12.csv,2024-12-01,2024,12,,146,146,0,45,5,BARKATPURA,146,146
R47,tankers_reports_2024_12.csv,2024-12-01,2024,12,,41,41,0,46,5,BOATS CLUB,41,41
R48,tankers_reports_2024_12.csv,2024-12-01,2024,12,,40,40,0,47,5,DOMALGUDA,40,40
R49,tankers_reports_2024_12.csv,2024-12-01,2024,12,,257,257,0,48,5,GANDHINAGAR,257,257
R50,tankers_reports_2024_12.csv,2024-12-01,2024,12,,90,90,0,49,5,MUSHEERABAD,90,90
R51,tankers_reports_2024_12.csv,2024-12-01,2024,12,,404,404,0,50,5,NARAYANGUDA,404,404
R52,tankers_reports_2024_12.csv,2024-12-01,2024,12,,137,137,0,51,5,SHIVAM,137,137
R53,tankers_reports_2024_12.csv,2024-12-01,2024,12,,55,55,0,52,5,VIGYANPURI,55,55
R54,tankers_reports_2024_12.csv,2024-12-01,2024,12,,1866,1866,0,53,6,BANJARA HILLS,1866,1866
R55,tankers_reports_2024_12.csv,2024-12-01,2024,12,,195,195,0,54,6,BORABANDA,195,195
R56,tankers_reports_2024_12.csv,2024-12-01,2024,12,,395,395,0,55,6,ERRAGADDA,395,395
R57,tankers_reports_2024_12.csv,2024-12-01,2024,12,,589,589,0,56,6,FATHENAGAR,589,589
R58,tankers_reports_2024_12.csv,2024-12-01,2024,12,,304,304,0,57,6,FILM NAGAR,304,304
R59,tankers_reports_2024_12.csv,2024-12-01,2024,12,,1660,1660,0,58,6,JUBILEE HILLS,1660,1660
R60,tankers_reports_2024_12.csv,2024-12-01,2024,12,,224,224,0,59,6,S.P.R HILLS,224,224
R61,tankers_reports_2024_12.csv,2024-12-01,2024,12,,2824,2824,0,60,6,S.R.NAGAR,2824,2824
R62,tankers_reports_2024_12.csv,2024-12-01,2024,12,,1128,1128,0,61,6,SOMAJIGUDA,1128,1128
R63,tankers_reports_2024_12.csv,2024-12-01,2024,12,,514,514,0,62,6,THATTIKHANA,514,514
R64,tankers_reports_2024_12.csv,2024-12-01,2024,12,,712,712,0,63,6,VENGALRAONAGAR,712,712
R65,tankers_reports_2024_12.csv,2024-12-01,2024,12,,493,493,0,64,6,YELLAREDDYGUDA,493,493
R66,tankers_reports_2024_12.csv,2024-12-01,2024,12,,29,29,0,65,7,BOIGUDA,29,29
R67,tankers_reports_2024_12.csv,2024-12-01,2024,12,,23,23,0,66,7,BOUDHANAGAR,23,23
R68,tankers_reports_2024_12.csv,2024-12-01,2024,12,,42,42,0,67,7,HUSSAINSAGAR,42,42
R69,tankers_reports_2024_12.csv,2024-12-01,2024,12,,6,6,0,68,7,LALAPET,6,6
R70,tankers_reports_2024_12.csv,2024-12-01,2024,12,,181,181,0,69,7,MARREDPALLY,181,181
R71,tankers_reports_2024_12.csv,2024-12-01,2024,12,,17,17,0,70,7,METTUGUDA,17,17
R72,tankers_reports_2024_12.csv,2024-12-01,2024,12,,22,22,0,71,7,NALLAGUTTA,22,22
R73,tankers_reports_2024_12.csv,2024-12-01,2024,12,,347,347,0,72,7,PRAKASHNAGAR,347,347
R74,tankers_reports_2024_12.csv,2024-12-01,2024,12,,83,83,0,73,7,REGIMENTAL BAZAR,83,83
R75,tankers_reports_2024_12.csv,2024-12-01,2024,12,,62,62,0,74,7,SEETHAPALMANDI,62,62
R76,tankers_reports_2024_12.csv,2024-12-01,2024,12,,88,88,0,75,7,SRINIVAS NAGAR,88,88
R77,tankers_reports_2024_12.csv,2024-12-01,2024,12,,282,282,0,76,7,TARNAKA,282,282
R78,tankers_reports_2024_12.csv,2024-12-01,2024,12,,1,1,0,77,8,ALIABAD,1,1
R79,tankers_reports_2024_12.csv,2024-12-01,2024,12,,3,3,0,78,8,BALAPUR,3,3
R80,tankers_reports_2024_12.csv,2024-12-01,2024,12,,9,9,0,79,8,BANDLAGUDA,9,9
R81,tankers_reports_2024_12.csv,2024-12-01,2024,12,,1,1,0,80,8,JAHANUMA,1,1
R82,tankers_reports_2024_12.csv,2024-12-01,2024,12,,3,3,0,81,8,JANGAMMET,3,3
R83,tankers_reports_2024_12.csv,2024-12-01,2024,12,,1,1,0,82,8,KANCHANBAGH,1,1
R84,tankers_reports_2024_12.csv,2024-12-01,2024,12,,2241,2241,0,83,9,BALAJINAGAR (DIV 9),2241,2241
R85,tankers_reports_2024_12.csv,2024-12-01,2024,12,,36,36,0,84,9,BALANAGAR,36,36
R86,tankers_reports_2024_12.csv,2024-12-01,2024,12,,792,792,0,85,9,BHAGYANAGAR,792,792
R87,tankers_reports_2024_12.csv,2024-12-01,2024,12,,49,49,0,86,9,BHARATHNAGAR,49,49
R88,tankers_reports_2024_12.csv,2024-12-01,2024,12,,2339,2339,0,87,9,GAYATRI NAGAR,2339,2339
R89,tankers_reports_2024_12.csv,2024-12-01,2024,12,,450,450,0,88,9,HASMATHPET,450,450
R90,tankers_reports_2024_12.csv,2024-12-01,2024,12,,2751,2751,0,89,9,KPHB,2751,2751
R91,tankers_reports_2024_12.csv,2024-12-01,2024,12,,147,146,1,90,9,KUKATPALLY,147,146
R92,tankers_reports_2024_12.csv,2024-12-01,2024,12,,235,235,0,91,9,MOOSAPET,235,235
R93,tankers_reports_2024_12.csv,2024-12-01,2024,12,,258,258,0,92,9,MOTI NAGAR,258,258
R94,tankers_reports_2024_12.csv,2024-12-01,2024,12,,121,121,0,93,9,VIVEKANANDA NAGAR,121,121
R95,tankers_reports_2024_12.csv,2024-12-01,2024,12,,136,136,0,94,9,YELLAMMABANDA,136,136
R96,tankers_reports_2024_12.csv,2024-12-01,2024,12,,353,353,0,95,10,ALKAPURI,353,353
R97,tankers_reports_2024_12.csv,2024-12-01,2024,12,,104,104,0,96,10,DILSHUKNAGAR,104,104
R98,tankers_reports_2024_12.csv,2024-12-01,2024,12,,56,56,0,97,10,KOTHAPETA,56,56
R99,tankers_reports_2024_12.csv,2024-12-01,2024,12,,75,75,0,98,10,LINGOJIGUDA,75,75
R100,tankers_reports_2024_12.csv,2024-12-01,2024,12,,205,205,0,99,10,MARUTHINAGAR (DIV 10),205,205
R101,tankers_reports_2024_12.csv,2024-12-01,2024,12,,58,58,0,100,10,SAHEBNAGAR (DIV 10),58,58
R102,tankers_reports_2024_12.csv,2024-12-01,2024,12,,250,250,0,101,10,SAROORNAGAR,250,250
R103,tankers_reports_2024_12.csv,2024-12-01,2024,12,,52,52,0,102,10,VAISHALINAGAR (DIV 10),52,52
R104,tankers_reports_2024_12.csv,2024-12-01,2024,12,,27,27,0,103,11,AUTONAGAR,27,27
R105,tankers_reports_2024_12.csv,2024-12-01,2024,12,,15,15,0,104,11,B.N.REDDY NAGAR,15,15
R106,tankers_reports_2024_12.csv,2024-12-01,2024,12,,31,31,0,105,11,KAMALANAGAR,31,31
R107,tankers_reports_2024_12.csv,2024-12-01,2024,12,,35,35,0,106,11,L.B.NAGAR,35,35
R108,tankers_reports_2024_12.csv,2024-12-01,2024,12,,31,31,0,107,11,MANSOORABAD,31,31
R109,tankers_reports_2024_12.csv,2024-12-01,2024,12,,11,11,0,108,11,NAGOLE,11,11
R110,tankers_reports_2024_12.csv,2024-12-01,2024,12,,37,37,0,109,11,NGO COLONY,37,37
R111,tankers_reports_2024_12.csv,2024-12-01,2024,12,,68,68,0,110,11,VANASTHALIPURAM,68,68
R112,tankers_reports_2024_12.csv,2024-12-01,2024,12,,13,13,0,111,12,ADARSHNAGAR,13,13
R113,tankers_reports_2024_12.csv,2024-12-01,2024,12,,12,12,0,112,12,Bhagatsingh Nagar,12,12
R114,tankers_reports_2024_12.csv,2024-12-01,2024,12,,38,38,0,113,12,CHINTAL,38,38
R115,tankers_reports_2024_12.csv,2024-12-01,2024,12,,189,189,0,114,12,GAJULARAMARAM,189,189
R116,tankers_reports_2024_12.csv,2024-12-01,2024,12,,57,57,0,115,12,JEEDIMETLA,57,57
R117,tankers_reports_2024_12.csv,2024-12-01,2024,12,,45,45,0,116,12,Jagathgirigutta,45,45
R118,tankers_reports_2024_12.csv,2024-12-01,2024,12,,163,163,0,117,12,SHAPOORNAGAR,163,163
R119,tankers_reports_2024_12.csv,2024-12-01,2024,12,,85,85,0,118,12,SURARAM,85,85
R120,tankers_reports_2024_12.csv,2024-12-01,2024,12,,49,49,0,119,12,USHODAYA,49,49
R121,tankers_reports_2024_12.csv,2024-12-01,2024,12,,155,155,0,120,12,suchitra,155,155
R122,tankers_reports_2024_12.csv,2024-12-01,2024,12,,34,34,0,121,13,ALWAL (Div13),34,34
R123,tankers_reports_2024_12.csv,2024-12-01,2024,12,,231,231,0,122,13,CHANUKYAPURI,231,231
R124,tankers_reports_2024_12.csv,2024-12-01,2024,12,,118,118,0,123,13,DEFENCE COLONY,118,118
R125,tankers_reports_2024_12.csv,2024-12-01,2024,12,,297,297,0,124,13,FATHER BALAIAHNAGAR (Div13),297,297
R126,tankers_reports_2024_12.csv,2024-12-01,2024,12,,231,231,0,125,13,GOWTHAM NAGAR,231,231
R127,tankers_reports_2024_12.csv,2024-12-01,2024,12,,84,84,0,126,13,MACHABOLLARAM,84,84
R128,tankers_reports_2024_12.csv,2024-12-01,2024,12,,204,204,0,127,13,SAINATHPURAM,204,204
R129,tankers_reports_2024_12.csv,2024-12-01,2024,12,,73,73,0,128,13,VAJPAYEE NAGAR,73,73
R130,tankers_reports_2024_12.csv,2024-12-01,2024,12,,78,78,0,129,13,VENKATAPURAM,78,78
R131,tankers_reports_2024_12.csv,2024-12-01,2024,12,,143,143,0,130,13,YAPRAL (Div13),143,143
R132,tankers_reports_2024_12.csv,2024-12-01,2024,12,,16,16,0,131,14,CHERLAPALLY,16,16
R133,tankers_reports_2024_12.csv,2024-12-01,2024,12,,34,34,0,132,14,HOUSING BOARD,34,34
R134,tankers_reports_2024_12.csv,2024-12-01,2024,12,,182,182,0,133,14,HUBSIGUDA,182,182
R135,tankers_reports_2024_12.csv,2024-12-01,2024,12,,80,80,0,134,14,NACHARAM,80,80
R136,tankers_reports_2024_12.csv,2024-12-01,2024,12,,105,105,0,135,14,RADHIKA,105,105
R137,tankers_reports_2024_12.csv,2024-12-01,2024,12,,69,69,0,136,14,RAMANTHAPUR(DIV 14),69,69
R138,tankers_reports_2024_12.csv,2024-12-01,2024,12,,66,66,0,137,14,SAIBABA NAGAR,66,66
R139,tankers_reports_2024_12.csv,2024-12-01,2024,12,,47,47,0,138,14,UPPAL,47,47
R140,tankers_reports_2024_12.csv,2024-12-01,2024,12,,781,781,0,139,15,Doyens section,781,781
R141,tankers_reports_2024_12.csv,2024-12-01,2024,12,,1498,1498,0,140,15,GACHIBOWLI (DIV 15),1498,1498
R142,tankers_reports_2024_12.csv,2024-12-01,2024,12,,8077,8077,0,141,15,KONDAPUR (DIV 15),8077,8077
R143,tankers_reports_2024_12.csv,2024-12-01,2024,12,,3996,3996,0,142,15,MADHAPUR -1,3996,3996
R144,tankers_reports_2024_12.csv,2024-12-01,2024,12,,5489,5489,0,143,15,MADHAPUR -2,5489,5489
R145,tankers_reports_2024_12.csv,2024-12-01,2024,12,,17,17,0,144,15,NALLAGANDLA (DIV 15),17,17
R146,tankers_reports_2024_12.csv,2024-12-01,2024,12,,141,141,0,145,16,ATTAPUR,141,141
R147,tankers_reports_2024_12.csv,2024-12-01,2024,12,,146,146,0,146,16,BUDVEL (DIV16),146,146
R148,tankers_reports_2024_12.csv,2024-12-01,2024,12,,620,620,0,147,16,HYDERGUDA,620,620
R149,tankers_reports_2024_12.csv,2024-12-01,2024,12,,7,7,0,148,16,KATEDAN,7,7
R150,tankers_reports_2024_12.csv,2024-12-01,2024,12,,33,33,0,149,16,MAILERDEV PALLY,33,33
R151,tankers_reports_2024_12.csv,2024-12-01,2024,12,,87,87,0,150,16,SULEMAN NAGAR,87,87
R152,tankers_reports_2024_12.csv,2024-12-01,2024,12,,359,359,0,151,17,CHANDA NAGAR,359,359
R153,tankers_reports_2024_12.csv,2024-12-01,2024,12,,343,343,0,152,17,DEEPTHISRI NAGAR,343,343
R154,tankers_reports_2024_12.csv,2024-12-01,2024,12,,4654,4654,0,153,17,HAFEEZPET,4654,4654
R155,tankers_reports_2024_12.csv,2024-12-01,2024,12,,359,359,0,154,17,MIYAPUR,359,359
R156,tankers_reports_2024_12.csv,2024-12-01,2024,12,,2,2,0,155,17,PATANCHERU,2,2
R157,tankers_reports_2024_12.csv,2024-12-01,2024,12,,5,5,0,156,17,RAMACHANDRAPURAM,5,5
R158,tankers_reports_2024_12.csv,2024-12-01,2024,12,,1649,1649,0,157,18,KISMATHPUR (DIV 18),1649,1649
R159,tankers_reports_2024_12.csv,2024-12-01,2024,12,,4001,4001,0,158,18,MANIKONDA (DIV 18),4001,4001
R160,tankers_reports_2024_12.csv,2024-12-01,2024,12,,81,81,0,159,19,BODUPPAL (DIV 19),81,81
R161,tankers_reports_2024_12.csv,2024-12-01,2024,12,,1,1,0,160,19,PEDDA AMBERPET (PD 1),1,1
R162,tankers_reports_2024_12.csv,2024-12-01,2024,12,,191,191,0,161,19,PEERJADIGUDA (DIV 19),191,191
R163,tankers_reports_2024_12.csv,2024-12-01,2024,12,,2,2,0,162,19,POCHARAM (DIV 19),2,2
R164,tankers_reports_2024_12.csv,2024-12-01,2024,12,,9,9,0,163,20,BADANGPET  (DIV 20),9,9
R165,tankers_reports_2024_12.csv,2024-12-01,2024,12,,16,16,0,164,20,JILLELAGUDA (DIV 20),16,16
R166,tankers_reports_2024_12.csv,2024-12-01,2024,12,,72,72,0,165,20,MEERPET (DIV 20),72,72
R167,tankers_reports_2024_12.csv,2024-12-01,2024,12,,1,1,0,166,20,TURKAYAMJAL (PD 1),1,1
R168,tankers_reports_2024_12.csv,2024-12-01,2024,12,,1,1,0,167,21,DAMMAIGUDA,1,1
R169,tankers_reports_2024_12.csv,2024-12-01,2024,12,,3,3,0,168,21,JAWAHARNAGAR (PD 3),3,3
R170,tankers_reports_2024_12.csv,2024-12-01,2024,12,,2,2,0,169,21,KOMPALLY (PD 7),2,2
R171,tankers_reports_2024_12.csv,2024-12-01,2024,12,,3,3,0,170,21,NAGARAM,3,3
R172,tankers_reports_2024_12.csv,2024-12-01,2024,12,,32,32,0,171,22,AMEENPUR (PD 8),32,32
R173,tankers_reports_2024_12.csv,2024-12-01,2024,12,,282,282,0,172,22,BACHUPALLY (PD 7),282,282
R174,tankers_reports_2024_12.csv,2024-12-01,2024,12,,5,5,0,173,22,BEERAMGUDA (PD 8),5,5
R175,tankers_reports_2024_12.csv,2024-12-01,2024,12,,1,1,0,174,22,BOLLARAM (PD 8),1,1
R176,tankers_reports_2024_12.csv,2024-12-01,2024,12,,2,2,0,175,22,GANDIMAISAMMA (PD 7),2,2
R177,tankers_reports_2024_12.csv,2024-12-01,2024,12,,2295,2295,0,176,22,NIZAMPET (PD 7),2295,2295
R178,tankers_reports_2024_12.csv,2024-12-01,2024,12,,3248,3248,0,177,22,PRAGATHINAGAR (PD 7),3248,3248
R179,tankers_reports_2024_3.csv,2024-03-01,2024,3,,7,7,0,178,1,BAHADURPURA,7,7
R180,tankers_reports_2024_3.csv,2024-03-01,2024,3,,2,2,0,179,1,CHANUDLAL BHARADARI,2,2
R181,tankers_reports_2024_3.csv,2024-03-01,2024,3,,3,3,0,180,1,DARUL SHIFA,3,3
R182,tankers_reports_2024_3.csv,2024-03-01,2024,3,,3,3,0,181,1,DHOOD BOWLI,3,3
R183,tankers_reports_2024_3.csv,2024-03-01,2024,3,,8,8,0,182,1,KISHAN BAGH,8,8
R184,tankers_reports_2024_3.csv,2024-03-01,2024,3,,3,3,0,183,1,M.R.G.FILTERS,3,3
R185,tankers_reports_2024_3.csv,2024-03-01,2024,3,,1,1,0,184,1,MISRIGUNJ,1,1
R186,tankers_reports_2024_3.csv,2024-03-01,2024,3,,2,2,0,185,1,MOGHULPURA,2,2
R187,tankers_reports_2024_3.csv,2024-03-01,2024,3,,2,2,0,186,1,PATHERGATTI,2,2
R188,tankers_reports_2024_3.csv,2024-03-01,2024,3,,6,6,0,187,1,VATTEPALLY,6,6
R189,tankers_reports_2024_3.csv,2024-03-01,2024,3,,94,94,0,188,2,ASMANGARH,94,94
R190,tankers_reports_2024_3.csv,2024-03-01,2024,3,,2,2,0,189,2,AZAMPURA,2,2
R191,tankers_reports_2024_3.csv,2024-03-01,2024,3,,44,44,0,190,2,CHANCHALGUDA,44,44
R192,tankers_reports_2024_3.csv,2024-03-01,2024,3,,2,2,0,191,2,MADANNAPET,2,2
R193,tankers_reports_2024_3.csv,2024-03-01,2024,3,,50,50,0,192,2,MALAKPET,50,50
R194,tankers_reports_2024_3.csv,2024-03-01,2024,3,,163,163,0,193,2,MOOSARAMBAGH,163,163
R195,tankers_reports_2024_3.csv,2024-03-01,2024,3,,53,53,0,194,2,SAIDABAD,53,53
R196,tankers_reports_2024_3.csv,2024-03-01,2024,3,,11,11,0,195,2,SANTOSHNAGAR,11,11
R197,tankers_reports_2024_3.csv,2024-03-01,2024,3,,11,11,0,196,2,VINAY NAGAR (DIV 2 (a)),11,11
R198,tankers_reports_2024_3.csv,2024-03-01,2024,3,,33,33,0,197,3,AHMED NAGAR,33,33
R199,tankers_reports_2024_3.csv,2024-03-01,2024,3,,47,46,1,198,3,ASIF NAGAR,47,46
R200,tankers_reports_2024_3.csv,2024-03-01,2024,3,,218,218,0,199,3,CHINTAL BASTHI,218,218
R201,tankers_reports_2024_3.csv,2024-03-01,2024,3,,19,19,0,200,3,GOLCONDA,19,19
R202,tankers_reports_2024_3.csv,2024-03-01,2024,3,,139,139,0,201,3,HAKEEMPET,139,139
R203,tankers_reports_2024_3.csv,2024-03-01,2024,3,,275,275,0,202,3,KAKATIYA NAGAR,275,275
R204,tankers_reports_2024_3.csv,2024-03-01,2024,3,,33,33,0,203,3,KARWAN,33,33
R205,tankers_reports_2024_3.csv,2024-03-01,2024,3,,57,56,1,204,3,LANGER HOUSE,57,56
R206,tankers_reports_2024_3.csv,2024-03-01,2024,3,,267,266,1,205,3,MEHIDIPATNAM,267,266
R207,tankers_reports_2024_3.csv,2024-03-01,2024,3,,33,33,0,206,3,OLD MALLEPALLY,33,33
R208,tankers_reports_2024_3.csv,2024-03-01,2024,3,,1640,1629,11,207,3,SHAIKPET,1640,1629
R209,tankers_reports_2024_3.csv,2024-03-01,2024,3,,11,11,0,208,3,TAPPA CHABUTRA,11,11
R210,tankers_reports_2024_3.csv,2024-03-01,2024,3,,746,741,5,209,3,TOLI CHOWK,746,741
R211,tankers_reports_2024_3.csv,2024-03-01,2024,3,,616,607,9,210,3,VIJAYNAGAR COLONY,616,607
R212,tankers_reports_2024_3.csv,2024-03-01,2024,3,,5,5,0,211,4,ALLABANDA,5,5
R213,tankers_reports_2024_3.csv,2024-03-01,2024,3,,138,138,0,212,4,GODE-KI-KABAR,138,138
R214,tankers_reports_2024_3.csv,2024-03-01,2024,3,,71,71,0,213,4,GOWLIGUDA,71,71
R215,tankers_reports_2024_3.csv,2024-03-01,2024,3,,394,394,0,214,4,GUNFOUNDRY,394,394
R216,tankers_reports_2024_3.csv,2024-03-01,2024,3,,100,100,0,215,4,HINDI NAGAR,100,100
R217,tankers_reports_2024_3.csv,2024-03-01,2024,3,,451,451,0,216,4,RED HILLS HIGH LEVEL,451,451
R218,tankers_reports_2024_3.csv,2024-03-01,2024,3,,79,79,0,217,4,RED HILLS LOW LEVEL,79,79
R219,tankers_reports_2024_3.csv,2024-03-01,2024,3,,95,95,0,218,4,SULTAN BAZAR,95,95
R220,tankers_reports_2024_3.csv,2024-03-01,2024,3,,11,11,0,219,4,ZIAGUDA,11,11
R221,tankers_reports_2024_3.csv,2024-03-01,2024,3,,87,86,1,220,5,ADIKMET,87,86
R222,tankers_reports_2024_3.csv,2024-03-01,2024,3,,22,22,0,221,5,AMBERPET,22,22
R223,tankers_reports_2024_3.csv,2024-03-01,2024,3,,348,348,0,222,5,AZAMABAD,348,348
R224,tankers_reports_2024_3.csv,2024-03-01,2024,3,,228,228,0,223,5,BAGH LINGAMPALLY,228,228
R225,tankers_reports_2024_3.csv,2024-03-01,2024,3,,300,299,1,224,5,BARKATPURA,300,299
R226,tankers_reports_2024_3.csv,2024-03-01,2024,3,,76,76,0,225,5,BOATS CLUB,76,76
R227,tankers_reports_2024_3.csv,2024-03-01,2024,3,,82,82,0,226,5,DOMALGUDA,82,82
R228,tankers_reports_2024_3.csv,2024-03-01,2024,3,,526,526,0,227,5,GANDHINAGAR,526,526
R229,tankers_reports_2024_3.csv,2024-03-01,2024,3,,468,468,0,228,5,MUSHEERABAD,468,468
R230,tankers_reports_2024_3.csv,2024-03-01,2024,3,,539,538,1,229,5,NARAYANGUDA,539,538
R231,tankers_reports_2024_3.csv,2024-03-01,2024,3,,187,185,2,230,5,SHIVAM,187,185
R232,tankers_reports_2024_3.csv,2024-03-01,2024,3,,69,69,0,231,5,VIGYANPURI,69,69
R233,tankers_reports_2024_3.csv,2024-03-01,2024,3,,4055,4055,0,232,6,BANJARA HILLS,4055,4055
R234,tankers_reports_2024_3.csv,2024-03-01,2024,3,,372,365,7,233,6,BORABANDA,372,365
R235,tankers_reports_2024_3.csv,2024-03-01,2024,3,,725,723,2,234,6,ERRAGADDA,725,723
R236,tankers_reports_2024_3.csv,2024-03-01,2024,3,,1729,1718,11,235,6,FATHENAGAR,1729,1718
R237,tankers_reports_2024_3.csv,2024-03-01,2024,3,,677,677,0,236,6,FILM NAGAR,677,677
R238,tankers_reports_2024_3.csv,2024-03-01,2024,3,,5158,5158,0,237,6,JUBILEE HILLS,5158,5158
R239,tankers_reports_2024_3.csv,2024-03-01,2024,3,,260,259,1,238,6,S.P.R HILLS,260,259
R240,tankers_reports_2024_3.csv,2024-03-01,2024,3,,5073,5006,67,239,6,S.R.NAGAR,5073,5006
R241,tankers_reports_2024_3.csv,2024-03-01,2024,3,,2112,2112,0,240,6,SOMAJIGUDA,2112,2112
R242,tankers_reports_2024_3.csv,2024-03-01,2024,3,,1926,1926,0,241,6,THATTIKHANA,1926,1926
R243,tankers_reports_2024_3.csv,2024-03-01,2024,3,,2861,2817,44,242,6,VENGALRAONAGAR,2861,2817
R244,tankers_reports_2024_3.csv,2024-03-01,2024,3,,1785,1736,49,243,6,YELLAREDDYGUDA,1785,1736
R245,tankers_reports_2024_3.csv,2024-03-01,2024,3,,168,168,0,244,7,BOIGUDA,168,168
R246,tankers_reports_2024_3.csv,2024-03-01,2024,3,,83,83,0,245,7,BOUDHANAGAR,83,83
R247,tankers_reports_2024_3.csv,2024-03-01,2024,3,,49,49,0,246,7,HUSSAINSAGAR,49,49
R248,tankers_reports_2024_3.csv,2024-03-01,2024,3,,25,25,0,247,7,LALAPET,25,25
R249,tankers_reports_2024_3.csv,2024-03-01,2024,3,,236,236,0,248,7,MARREDPALLY,236,236
R250,tankers_reports_2024_3.csv,2024-03-01,2024,3,,30,30,0,249,7,METTUGUDA,30,30
R251,tankers_reports_2024_3.csv,2024-03-01,2024,3,,77,77,0,250,7,NALLAGUTTA,77,77
R252,tankers_reports_2024_3.csv,2024-03-01,2024,3,,198,198,0,251,7,PRAKASHNAGAR,198,198
R253,tankers_reports_2024_3.csv,2024-03-01,2024,3,,84,84,0,252,7,REGIMENTAL BAZAR,84,84
R254,tankers_reports_2024_3.csv,2024-03-01,2024,3,,193,193,0,253,7,SEETHAPALMANDI,193,193
R255,tankers_reports_2024_3.csv,2024-03-01,2024,3,,408,408,0,254,7,SRINIVAS NAGAR,408,408
R256,tankers_reports_2024_3.csv,2024-03-01,2024,3,,729,729,0,255,7,TARNAKA,729,729
R257,tankers_reports_2024_3.csv,2024-03-01,2024,3,,1,1,0,256,8,PATANCHERU PIPELINE,1,1
R258,tankers_reports_2024_3.csv,2024-03-01,2024,3,,3190,3187,3,257,9,BALAJINAGAR (DIV 9),3190,3187
R259,tankers_reports_2024_3.csv,2024-03-01,2024,3,,96,96,0,258,9,BALANAGAR,96,96
R260,tankers_reports_2024_3.csv,2024-03-01,2024,3,,2138,2137,1,259,9,BHAGYANAGAR,2138,2137
R261,tankers_reports_2024_3.csv,2024-03-01,2024,3,,47,46,1,260,9,BHARATHNAGAR,47,46
R262,tankers_reports_2024_3.csv,2024-03-01,2024,3,,1804,1794,10,261,9,GAYATRI NAGAR,1804,1794
R263,tankers_reports_2024_3.csv,2024-03-01,2024,3,,644,644,0,262,9,HASMATHPET,644,644
R264,tankers_reports_2024_3.csv,2024-03-01,2024,3,,5848,5848,0,263,9,KPHB,5848,5848
R265,tankers_reports_2024_3.csv,2024-03-01,2024,3,,899,896,3,264,9,KUKATPALLY,899,896
R266,tankers_reports_2024_3.csv,2024-03-01,2024,3,,70,68,2,265,9,MOOSAPET,70,68
R267,tankers_reports_2024_3.csv,2024-03-01,2024,3,,535,534,1,266,9,MOTI NAGAR,535,534
R268,tankers_reports_2024_3.csv,2024-03-01,2024,3,,224,224,0,267,9,VIVEKANANDA NAGAR,224,224
R269,tankers_reports_2024_3.csv,2024-03-01,2024,3,,879,865,14,268,9,YELLAMMABANDA,879,865
R270,tankers_reports_2024_3.csv,2024-03-01,2024,3,,973,973,0,269,10,ALKAPURI,973,973
R271,tankers_reports_2024_3.csv,2024-03-01,2024,3,,104,104,0,270,10,DILSHUKNAGAR,104,104
R272,tankers_reports_2024_3.csv,2024-03-01,2024,3,,152,152,0,271,10,KOTHAPETA,152,152
R273,tankers_reports_2024_3.csv,2024-03-01,2024,3,,105,105,0,272,10,LINGOJIGUDA,105,105
R274,tankers_reports_2024_3.csv,2024-03-01,2024,3,,340,340,0,273,10,MARUTHINAGAR (DIV 10),340,340
R275,tankers_reports_2024_3.csv,2024-03-01,2024,3,,430,430,0,274,10,SAHEBNAGAR (DIV 10),430,430
R276,tankers_reports_2024_3.csv,2024-03-01,2024,3,,366,366,0,275,10,SAROORNAGAR,366,366
R277,tankers_reports_2024_3.csv,2024-03-01,2024,3,,111,111,0,276,10,VAISHALINAGAR (DIV 10),111,111
R278,tankers_reports_2024_3.csv,2024-03-01,2024,3,,46,46,0,277,12,ADARSHNAGAR,46,46
R279,tankers_reports_2024_3.csv,2024-03-01,2024,3,,27,27,0,278,12,Bhagatsingh Nagar,27,27
R280,tankers_reports_2024_3.csv,2024-03-01,2024,3,,58,58,0,279,12,CHINTAL,58,58
R281,tankers_reports_2024_3.csv,2024-03-01,2024,3,,610,610,0,280,12,GAJULARAMARAM,610,610
R282,tankers_reports_2024_3.csv,2024-03-01,2024,3,,110,110,0,281,12,JEEDIMETLA,110,110
R283,tankers_reports_2024_3.csv,2024-03-01,2024,3,,79,78,1,282,12,Jagathgirigutta,79,78
R284,tankers_reports_2024_3.csv,2024-03-01,2024,3,,570,570,0,283,12,SHAPOORNAGAR,570,570
R285,tankers_reports_2024_3.csv,2024-03-01,2024,3,,235,235,0,284,12,SURARAM,235,235
R286,tankers_reports_2024_3.csv,2024-03-01,2024,3,,98,98,0,285,12,USHODAYA,98,98
R287,tankers_reports_2024_3.csv,2024-03-01,2024,3,,246,246,0,286,12,suchitra,246,246
R288,tankers_reports_2024_3.csv,2024-03-01,2024,3,,48,48,0,287,13,ALWAL (Div13),48,48
R289,tankers_reports_2024_3.csv,2024-03-01,2024,3,,142,142,0,288,13,CHANUKYAPURI,142,142
R290,tankers_reports_2024_3.csv,2024-03-01,2024,3,,223,223,0,289,13,DEFENCE COLONY,223,223
R291,tankers_reports_2024_3.csv,2024-03-01,2024,3,,1186,1186,0,290,13,FATHER BALAIAHNAGAR (Div13),1186,1186
R292,tankers_reports_2024_3.csv,2024-03-01,2024,3,,199,199,0,291,13,GOWTHAM NAGAR,199,199
R293,tankers_reports_2024_3.csv,2024-03-01,2024,3,,137,137,0,292,13,MACHABOLLARAM,137,137
R294,tankers_reports_2024_3.csv,2024-03-01,2024,3,,217,217,0,293,13,SAINATHPURAM,217,217
R295,tankers_reports_2024_3.csv,2024-03-01,2024,3,,87,87,0,294,13,VAJPAYEE NAGAR,87,87
R296,tankers_reports_2024_3.csv,2024-03-01,2024,3,,157,157,0,295,13,VENKATAPURAM,157,157
R297,tankers_reports_2024_3.csv,2024-03-01,2024,3,,120,120,0,296,13,YAPRAL (Div13),120,120
R298,tankers_reports_2024_3.csv,2024-03-01,2024,3,,27,27,0,297,14,CHERLAPALLY,27,27
R299,tankers_reports_2024_3.csv,2024-03-01,2024,3,,75,75,0,298,14,HOUSING BOARD,75,75
R300,tankers_reports_2024_3.csv,2024-03-01,2024,3,,210,210,0,299,14,HUBSIGUDA,210,210
R301,tankers_reports_2024_3.csv,2024-03-01,2024,3,,141,141,0,300,14,NACHARAM,141,141
R302,tankers_reports_2024_3.csv,2024-03-01,2024,3,,116,116,0,301,14,RADHIKA,116,116
R303,tankers_reports_2024_3.csv,2024-03-01,2024,3,,134,133,1,302,14,RAMANTHAPUR(DIV 14),134,133
R304,tankers_reports_2024_3.csv,2024-03-01,2024,3,,134,134,0,303,14,SAIBABA NAGAR,134,134
R305,tankers_reports_2024_3.csv,2024-03-01,2024,3,,180,180,0,304,14,UPPAL,180,180
R306,tankers_reports_2024_3.csv,2024-03-01,2024,3,,1040,1040,0,305,15,CHANDA NAGAR,1040,1040
R307,tankers_reports_2024_3.csv,2024-03-01,2024,3,,1469,1469,0,306,15,DEEPTHISRI NAGAR (DIV 15),1469,1469
R308,tankers_reports_2024_3.csv,2024-03-01,2024,3,,1502,1502,0,307,15,Doyens section,1502,1502
R309,tankers_reports_2024_3.csv,2024-03-01,2024,3,,2815,2815,0,308,15,GACHIBOWLI (DIV 15),2815,2815
R310,tankers_reports_2024_3.csv,2024-03-01,2024,3,,4993,4993,0,309,15,HAFEEZPET (DIV 15),4993,4993
R311,tankers_reports_2024_3.csv,2024-03-01,2024,3,,11893,11890,3,310,15,KONDAPUR (DIV 15),11893,11890
R312,tankers_reports_2024_3.csv,2024-03-01,2024,3,,10644,10637,7,311,15,MADHAPUR,10644,10637
R313,tankers_reports_2024_3.csv,2024-03-01,2024,3,,642,642,0,312,15,MIYAPUR,642,642
R314,tankers_reports_2024_3.csv,2024-03-01,2024,3,,12,12,0,313,15,NALLAGANDLA (DIV 15),12,12
R315,tankers_reports_2024_3.csv,2024-03-01,2024,3,,2,2,0,314,15,PATANCHERU (DIV15),2,2
R316,tankers_reports_2024_3.csv,2024-03-01,2024,3,,14,14,0,315,15,RAMACHANDRAPURAM,14,14
R317,tankers_reports_2024_3.csv,2024-03-01,2024,3,,480,479,1,316,16,ATTAPUR,480,479
R318,tankers_reports_2024_3.csv,2024-03-01,2024,3,,211,210,1,317,16,BUDVEL (DIV16),211,210
R319,tankers_reports_2024_3.csv,2024-03-01,2024,3,,1488,1486,2,318,16,HYDERGUDA,1488,1486
R320,tankers_reports_2024_3.csv,2024-03-01,2024,3,,25,25,0,319,16,KATEDAN,25,25
R321,tankers_reports_2024_3.csv,2024-03-01,2024,3,,62,61,1,320,16,MAILERDEV PALLY,62,61
R322,tankers_reports_2024_3.csv,2024-03-01,2024,3,,67,67,0,321,16,SULEMAN NAGAR,67,67
R323,tankers_reports_2024_3.csv,2024-03-01,2024,3,,2056,2047,9,322,18,KISMATHPUR (DIV 18),2056,2047
R324,tankers_reports_2024_3.csv,2024-03-01,2024,3,,5829,5737,92,323,18,MANIKONDA (DIV 18),5829,5737
R325,tankers_reports_2024_3.csv,2024-03-01,2024,3,,216,216,0,324,19,BODUPPAL (DIV 19),216,216
R326,tankers_reports_2024_3.csv,2024-03-01,2024,3,,1,1,0,325,19,CHEERYAL (DIV 19),1,1
R327,tankers_reports_2024_3.csv,2024-03-01,2024,3,,3,3,0,326,19,DHAMMAIGUDA (DIV 19),3,3
R328,tankers_reports_2024_3.csv,2024-03-01,2024,3,,2,2,0,327,19,NAGARAM (DIV 19),2,2
R329,tankers_reports_2024_3.csv,2024-03-01,2024,3,,919,919,0,328,19,PEERJADIGUDA (DIV 19),919,919
R330,tankers_reports_2024_3.csv,2024-03-01,2024,3,,3,3,0,329,19,POCHARAM (DIV 19),3,3
R331,tankers_reports_2024_3.csv,2024-03-01,2024,3,,240,240,0,330,20,BADANGPET  (DIV 20),240,240
R332,tankers_reports_2024_3.csv,2024-03-01,2024,3,,6,6,0,331,20,JALPALLY (DIV 20),6,6
R333,tankers_reports_2024_3.csv,2024-03-01,2024,3,,15,15,0,332,20,JILLELAGUDA (DIV 20),15,15
R334,tankers_reports_2024_3.csv,2024-03-01,2024,3,,379,378,1,333,20,MEERPET (DIV 20),379,378
R335,tankers_reports_2024_3.csv,2024-03-01,2024,3,,2,2,0,334,20,SHAMSHABAD (DIV 20),2,2
R336,tankers_reports_2024_3.csv,2024-03-01,2024,3,,2,2,0,335,20,THUKKUGUDA (PD 1),2,2
R337,tankers_reports_2024_3.csv,2024-03-01,2024,3,,4,4,0,336,22,PEDDA AMBERPET (PD 1),4,4
R338,tankers_reports_2024_3.csv,2024-03-01,2024,3,,9,9,0,337,22,TURKAYAMJAL (PD 1),9,9
R339,tankers_reports_2024_3.csv,2024-03-01,2024,3,,295,294,1,338,23,BACHUPALLY (PD 7),295,294
R340,tankers_reports_2024_3.csv,2024-03-01,2024,3,,4,4,0,339,23,GANDIMAISAMMA (PD 7),4,4
R341,tankers_reports_2024_3.csv,2024-03-01,2024,3,,3926,3926,0,340,23,NIZAMPET (PD 7),3926,3926
R342,tankers_reports_2024_3.csv,2024-03-01,2024,3,,3290,3290,0,341,23,PRAGATHINAGAR (PD 7),3290,3290
R343,tankers_reports_2024_3.csv,2024-03-01,2024,3,,20,20,0,342,24,AMEENPUR (PD 8),20,20
R344,tankers_reports_2024_3.csv,2024-03-01,2024,3,,8,8,0,343,24,BEERAMGUDA (PD 8),8,8
R345,tankers_reports_2024_3.csv,2024-03-01,2024,3,,2,2,0,344,25,GUNDLAPOCHAMPALLY (PD 7),2,2
R346,tankers_reports_2024_3.csv,2024-03-01,2024,3,,5,5,0,345,25,JAWAHARNAGAR (PD 3),5,5
R347,tankers_reports_2024_3.csv,2024-03-01,2024,3,,2,2,0,346,25,KOMPALLY (PD 7),2,2
R348,tankers_reports_2024_3.csv,2024-03-01,2024,3,,3,3,0,347,33,ALIABAD,3,3
R349,tankers_reports_2024_3.csv,2024-03-01,2024,3,,1,1,0,348,33,BALAPUR,1,1
R350,tankers_reports_2024_3.csv,2024-03-01,2024,3,,18,18,0,349,33,BANDLAGUDA  (DIV 2),18,18
R351,tankers_reports_2024_3.csv,2024-03-01,2024,3,,2,2,0,350,33,JANGAMMET,2,2
R352,tankers_reports_2024_3.csv,2024-03-01,2024,3,,4,4,0,351,33,KANCHANBAGH,4,4
R353,tankers_reports_2024_3.csv,2024-03-01,2024,3,,3,3,0,352,33,MYSARAM,3,3
R354,tankers_reports_2024_3.csv,2024-03-01,2024,3,,205,204,1,353,34,AUTONAGAR,205,204
R355,tankers_reports_2024_3.csv,2024-03-01,2024,3,,45,45,0,354,34,B.N.REDDY NAGAR,45,45
R356,tankers_reports_2024_3.csv,2024-03-01,2024,3,,347,347,0,355,34,KAMALANAGAR,347,347
R357,tankers_reports_2024_3.csv,2024-03-01,2024,3,,87,87,0,356,34,L.B.NAGAR,87,87
R358,tankers_reports_2024_3.csv,2024-03-01,2024,3,,433,433,0,357,34,MANSOORABAD,433,433
R359,tankers_reports_2024_3.csv,2024-03-01,2024,3,,9,9,0,358,34,NAGOLE,9,9
R360,tankers_reports_2024_3.csv,2024-03-01,2024,3,,175,175,0,359,34,NGO COLONY,175,175
R361,tankers_reports_2024_3.csv,2024-03-01,2024,3,,417,417,0,360,34,VANASTHALIPURAM (DIV 10),417,417
R362,tankers_reports_2024_4.csv,2024-04-01,2024,4,,4,4,0,361,1,BAHADURPURA,4,4
R363,tankers_reports_2024_4.csv,2024-04-01,2024,4,,1,1,0,362,1,CHANUDLAL BHARADARI,1,1
R364,tankers_reports_2024_4.csv,2024-04-01,2024,4,,8,8,0,363,1,DARUL SHIFA,8,8
R365,tankers_reports_2024_4.csv,2024-04-01,2024,4,,4,4,0,364,1,DHOOD BOWLI,4,4
R366,tankers_reports_2024_4.csv,2024-04-01,2024,4,,1,1,0,365,1,HASSAN NAGAR,1,1
R367,tankers_reports_2024_4.csv,2024-04-01,2024,4,,11,11,0,366,1,KISHAN BAGH,11,11
R368,tankers_reports_2024_4.csv,2024-04-01,2024,4,,4,4,0,367,1,M.R.G.FILTERS,4,4
R369,tankers_reports_2024_4.csv,2024-04-01,2024,4,,1,1,0,368,1,MISRIGUNJ,1,1
R370,tankers_reports_2024_4.csv,2024-04-01,2024,4,,9,9,0,369,1,MOGHULPURA,9,9
R371,tankers_reports_2024_4.csv,2024-04-01,2024,4,,6,6,0,370,1,PATHERGATTI,6,6
R372,tankers_reports_2024_4.csv,2024-04-01,2024,4,,11,11,0,371,1,VATTEPALLY,11,11
R373,tankers_reports_2024_4.csv,2024-04-01,2024,4,,164,164,0,372,2,ASMANGARH,164,164
R374,tankers_reports_2024_4.csv,2024-04-01,2024,4,,15,15,0,373,2,AZAMPURA,15,15
R375,tankers_reports_2024_4.csv,2024-04-01,2024,4,,49,49,0,374,2,CHANCHALGUDA,49,49
R376,tankers_reports_2024_4.csv,2024-04-01,2024,4,,5,5,0,375,2,MADANNAPET,5,5
R377,tankers_reports_2024_4.csv,2024-04-01,2024,4,,142,142,0,376,2,MALAKPET,142,142
R378,tankers_reports_2024_4.csv,2024-04-01,2024,4,,197,197,0,377,2,MOOSARAMBAGH,197,197
R379,tankers_reports_2024_4.csv,2024-04-01,2024,4,,116,116,0,378,2,SAIDABAD,116,116
R380,tankers_reports_2024_4.csv,2024-04-01,2024,4,,3,3,0,379,2,SANTOSHNAGAR,3,3
R381,tankers_reports_2024_4.csv,2024-04-01,2024,4,,12,12,0,380,2,VINAY NAGAR (DIV 2 (a)),12,12
R382,tankers_reports_2024_4.csv,2024-04-01,2024,4,,2,2,0,381,2,YAKATPURA,2,2
R383,tankers_reports_2024_4.csv,2024-04-01,2024,4,,114,114,0,382,3,AHMED NAGAR,114,114
R384,tankers_reports_2024_4.csv,2024-04-01,2024,4,,271,271,0,383,3,ASIF NAGAR,271,271
R385,tankers_reports_2024_4.csv,2024-04-01,2024,4,,418,417,1,384,3,CHINTAL BASTHI,418,417
R386,tankers_reports_2024_4.csv,2024-04-01,2024,4,,31,31,0,385,3,GOLCONDA,31,31
R387,tankers_reports_2024_4.csv,2024-04-01,2024,4,,260,260,0,386,3,HAKEEMPET,260,260
R388,tankers_reports_2024_4.csv,2024-04-01,2024,4,,650,650,0,387,3,KAKATIYA NAGAR,650,650
R389,tankers_reports_2024_4.csv,2024-04-01,2024,4,,115,115,0,388,3,KARWAN,115,115
R390,tankers_reports_2024_4.csv,2024-04-01,2024,4,,113,113,0,389,3,LANGER HOUSE,113,113
R391,tankers_reports_2024_4.csv,2024-04-01,2024,4,,1125,1124,1,390,3,MEHIDIPATNAM,1125,1124
R392,tankers_reports_2024_4.csv,2024-04-01,2024,4,,135,135,0,391,3,OLD MALLEPALLY,135,135
R393,tankers_reports_2024_4.csv,2024-04-01,2024,4,,2540,2540,0,392,3,SHAIKPET,2540,2540
R394,tankers_reports_2024_4.csv,2024-04-01,2024,4,,67,67,0,393,3,TAPPA CHABUTRA,67,67
R395,tankers_reports_2024_4.csv,2024-04-01,2024,4,,1111,1111,0,394,3,TOLI CHOWK,1111,1111
R396,tankers_reports_2024_4.csv,2024-04-01,2024,4,,1232,1232,0,395,3,VIJAYNAGAR COLONY,1232,1232
R397,tankers_reports_2024_4.csv,2024-04-01,2024,4,,1,1,0,396,4,ALLABANDA,1,1
R398,tankers_reports_2024_4.csv,2024-04-01,2024,4,,236,236,0,397,4,GODE-KI-KABAR,236,236
R399,tankers_reports_2024_4.csv,2024-04-01,2024,4,,157,157,0,398,4,GOWLIGUDA,157,157
R400,tankers_reports_2024_4.csv,2024-04-01,2024,4,,522,522,0,399,4,GUNFOUNDRY,522,522
R401,tankers_reports_2024_4.csv,2024-04-01,2024,4,,235,235,0,400,4,HINDI NAGAR,235,235
R402,tankers_reports_2024_4.csv,2024-04-01,2024,4,,589,589,0,401,4,RED HILLS HIGH LEVEL,589,589
R403,tankers_reports_2024_4.csv,2024-04-01,2024,4,,200,200,0,402,4,RED HILLS LOW LEVEL,200,200
R404,tankers_reports_2024_4.csv,2024-04-01,2024,4,,124,124,0,403,4,SULTAN BAZAR,124,124
R405,tankers_reports_2024_4.csv,2024-04-01,2024,4,,14,14,0,404,4,ZIAGUDA,14,14
R406,tankers_reports_2024_4.csv,2024-04-01,2024,4,,109,109,0,405,5,ADIKMET,109,109
R407,tankers_reports_2024_4.csv,2024-04-01,2024,4,,98,98,0,406,5,AMBERPET,98,98
R408,tankers_reports_2024_4.csv,2024-04-01,2024,4,,447,447,0,407,5,AZAMABAD,447,447
R409,tankers_reports_2024_4.csv,2024-04-01,2024,4,,270,270,0,408,5,BAGH LINGAMPALLY,270,270
R410,tankers_reports_2024_4.csv,2024-04-01,2024,4,,625,625,0,409,5,BARKATPURA,625,625
R411,tankers_reports_2024_4.csv,2024-04-01,2024,4,,214,214,0,410,5,BOATS CLUB,214,214
R412,tankers_reports_2024_4.csv,2024-04-01,2024,4,,103,103,0,411,5,DOMALGUDA,103,103
R413,tankers_reports_2024_4.csv,2024-04-01,2024,4,,1030,1030,0,412,5,GANDHINAGAR,1030,1030
R414,tankers_reports_2024_4.csv,2024-04-01,2024,4,,781,781,0,413,5,MUSHEERABAD,781,781
R415,tankers_reports_2024_4.csv,2024-04-01,2024,4,,761,761,0,414,5,NARAYANGUDA,761,761
R416,tankers_reports_2024_4.csv,2024-04-01,2024,4,,271,271,0,415,5,SHIVAM,271,271
R417,tankers_reports_2024_4.csv,2024-04-01,2024,4,,184,184,0,416,5,VIGYANPURI,184,184
R418,tankers_reports_2024_4.csv,2024-04-01,2024,4,,4707,4707,0,417,6,BANJARA HILLS,4707,4707
R419,tankers_reports_2024_4.csv,2024-04-01,2024,4,,432,432,0,418,6,BORABANDA,432,432
R420,tankers_reports_2024_4.csv,2024-04-01,2024,4,,983,983,0,419,6,ERRAGADDA,983,983
R421,tankers_reports_2024_4.csv,2024-04-01,2024,4,,2257,2257,0,420,6,FATHENAGAR,2257,2257
R422,tankers_reports_2024_4.csv,2024-04-01,2024,4,,1026,1026,0,421,6,FILM NAGAR,1026,1026
R423,tankers_reports_2024_4.csv,2024-04-01,2024,4,,6306,6306,0,422,6,JUBILEE HILLS,6306,6306
R424,tankers_reports_2024_4.csv,2024-04-01,2024,4,,304,304,0,423,6,S.P.R HILLS,304,304
R425,tankers_reports_2024_4.csv,2024-04-01,2024,4,,6040,6040,0,424,6,S.R.NAGAR,6040,6040
R426,tankers_reports_2024_4.csv,2024-04-01,2024,4,,3252,3252,0,425,6,SOMAJIGUDA,3252,3252
R427,tankers_reports_2024_4.csv,2024-04-01,2024,4,,2316,2316,0,426,6,THATTIKHANA,2316,2316
R428,tankers_reports_2024_4.csv,2024-04-01,2024,4,,3661,3661,0,427,6,VENGALRAONAGAR,3661,3661
R429,tankers_reports_2024_4.csv,2024-04-01,2024,4,,2652,2652,0,428,6,YELLAREDDYGUDA,2652,2652
R430,tankers_reports_2024_4.csv,2024-04-01,2024,4,,426,426,0,429,7,BOIGUDA,426,426
R431,tankers_reports_2024_4.csv,2024-04-01,2024,4,,183,183,0,430,7,BOUDHANAGAR,183,183
R432,tankers_reports_2024_4.csv,2024-04-01,2024,4,,171,171,0,431,7,HUSSAINSAGAR,171,171
R433,tankers_reports_2024_4.csv,2024-04-01,2024,4,,55,55,0,432,7,LALAPET,55,55
R434,tankers_reports_2024_4.csv,2024-04-01,2024,4,,372,372,0,433,7,MARREDPALLY,372,372
R435,tankers_reports_2024_4.csv,2024-04-01,2024,4,,76,76,0,434,7,METTUGUDA,76,76
R436,tankers_reports_2024_4.csv,2024-04-01,2024,4,,79,79,0,435,7,NALLAGUTTA,79,79
R437,tankers_reports_2024_4.csv,2024-04-01,2024,4,,332,332,0,436,7,PRAKASHNAGAR,332,332
R438,tankers_reports_2024_4.csv,2024-04-01,2024,4,,192,192,0,437,7,REGIMENTAL BAZAR,192,192
R439,tankers_reports_2024_4.csv,2024-04-01,2024,4,,762,762,0,438,7,SEETHAPALMANDI,762,762
R440,tankers_reports_2024_4.csv,2024-04-01,2024,4,,1351,1351,0,439,7,SRINIVAS NAGAR,1351,1351
R441,tankers_reports_2024_4.csv,2024-04-01,2024,4,,1510,1510,0,440,7,TARNAKA,1510,1510
R442,tankers_reports_2024_4.csv,2024-04-01,2024,4,,4876,4876,0,441,9,BALAJINAGAR (DIV 9),4876,4876
R443,tankers_reports_2024_4.csv,2024-04-01,2024,4,,98,98,0,442,9,BALANAGAR,98,98
R444,tankers_reports_2024_4.csv,2024-04-01,2024,4,,4025,4025,0,443,9,BHAGYANAGAR,4025,4025
R445,tankers_reports_2024_4.csv,2024-04-01,2024,4,,222,222,0,444,9,BHARATHNAGAR,222,222
R446,tankers_reports_2024_4.csv,2024-04-01,2024,4,,2091,2091,0,445,9,GAYATRI NAGAR,2091,2091
R447,tankers_reports_2024_4.csv,2024-04-01,2024,4,,1249,1249,0,446,9,HASMATHPET,1249,1249
R448,tankers_reports_2024_4.csv,2024-04-01,2024,4,,7548,7548,0,447,9,KPHB,7548,7548
R449,tankers_reports_2024_4.csv,2024-04-01,2024,4,,1036,1036,0,448,9,KUKATPALLY,1036,1036
R450,tankers_reports_2024_4.csv,2024-04-01,2024,4,,286,286,0,449,9,MOOSAPET,286,286
R451,tankers_reports_2024_4.csv,2024-04-01,2024,4,,1076,1076,0,450,9,MOTI NAGAR,1076,1076
R452,tankers_reports_2024_4.csv,2024-04-01,2024,4,,406,406,0,451,9,VIVEKANANDA NAGAR,406,406
R453,tankers_reports_2024_4.csv,2024-04-01,2024,4,,1161,1161,0,452,9,YELLAMMABANDA,1161,1161
R454,tankers_reports_2024_4.csv,2024-04-01,2024,4,,1793,1793,0,453,10,ALKAPURI,1793,1793
R455,tankers_reports_2024_4.csv,2024-04-01,2024,4,,216,216,0,454,10,DILSHUKNAGAR,216,216
R456,tankers_reports_2024_4.csv,2024-04-01,2024,4,,306,306,0,455,10,KOTHAPETA,306,306
R457,tankers_reports_2024_4.csv,2024-04-01,2024,4,,269,269,0,456,10,LINGOJIGUDA,269,269
R458,tankers_reports_2024_4.csv,2024-04-01,2024,4,,559,559,0,457,10,MARUTHINAGAR (DIV 10),559,559
R459,tankers_reports_2024_4.csv,2024-04-01,2024,4,,776,776,0,458,10,SAHEBNAGAR (DIV 10),776,776
R460,tankers_reports_2024_4.csv,2024-04-01,2024,4,,566,566,0,459,10,SAROORNAGAR,566,566
R461,tankers_reports_2024_4.csv,2024-04-01,2024,4,,258,258,0,460,10,VAISHALINAGAR (DIV 10),258,258
R462,tankers_reports_2024_4.csv,2024-04-01,2024,4,,163,163,0,461,12,ADARSHNAGAR,163,163
R463,tankers_reports_2024_4.csv,2024-04-01,2024,4,,94,94,0,462,12,Bhagatsingh Nagar,94,94
R464,tankers_reports_2024_4.csv,2024-04-01,2024,4,,79,79,0,463,12,CHINTAL,79,79
R465,tankers_reports_2024_4.csv,2024-04-01,2024,4,,1235,1235,0,464,12,GAJULARAMARAM,1235,1235
R466,tankers_reports_2024_4.csv,2024-04-01,2024,4,,228,228,0,465,12,JEEDIMETLA,228,228
R467,tankers_reports_2024_4.csv,2024-04-01,2024,4,,143,143,0,466,12,Jagathgirigutta,143,143
R468,tankers_reports_2024_4.csv,2024-04-01,2024,4,,1101,1099,2,467,12,SHAPOORNAGAR,1101,1099
R469,tankers_reports_2024_4.csv,2024-04-01,2024,4,,354,354,0,468,12,SURARAM,354,354
R470,tankers_reports_2024_4.csv,2024-04-01,2024,4,,306,306,0,469,12,USHODAYA,306,306
R471,tankers_reports_2024_4.csv,2024-04-01,2024,4,,424,424,0,470,12,suchitra,424,424
R472,tankers_reports_2024_4.csv,2024-04-01,2024,4,,76,76,0,471,13,ALWAL (Div13),76,76
R473,tankers_reports_2024_4.csv,2024-04-01,2024,4,,232,232,0,472,13,CHANUKYAPURI,232,232
R474,tankers_reports_2024_4.csv,2024-04-01,2024,4,,438,438,0,473,13,DEFENCE COLONY,438,438
R475,tankers_reports_2024_4.csv,2024-04-01,2024,4,,1767,1766,1,474,13,FATHER BALAIAHNAGAR (Div13),1767,1766
R476,tankers_reports_2024_4.csv,2024-04-01,2024,4,,356,356,0,475,13,GOWTHAM NAGAR,356,356
R477,tankers_reports_2024_4.csv,2024-04-01,2024,4,,246,246,0,476,13,MACHABOLLARAM,246,246
R478,tankers_reports_2024_4.csv,2024-04-01,2024,4,,363,363,0,477,13,SAINATHPURAM,363,363
R479,tankers_reports_2024_4.csv,2024-04-01,2024,4,,188,188,0,478,13,VAJPAYEE NAGAR,188,188
R480,tankers_reports_2024_4.csv,2024-04-01,2024,4,,218,218,0,479,13,VENKATAPURAM,218,218
R481,tankers_reports_2024_4.csv,2024-04-01,2024,4,,282,282,0,480,13,YAPRAL (Div13),282,282
R482,tankers_reports_2024_4.csv,2024-04-01,2024,4,,20,20,0,481,14,CHERLAPALLY,20,20
R483,tankers_reports_2024_4.csv,2024-04-01,2024,4,,100,100,0,482,14,HOUSING BOARD,100,100
R484,tankers_reports_2024_4.csv,2024-04-01,2024,4,,423,423,0,483,14,HUBSIGUDA,423,423
R485,tankers_reports_2024_4.csv,2024-04-01,2024,4,,212,212,0,484,14,NACHARAM,212,212
R486,tankers_reports_2024_4.csv,2024-04-01,2024,4,,209,208,1,485,14,RADHIKA,209,208
R487,tankers_reports_2024_4.csv,2024-04-01,2024,4,,346,346,0,486,14,RAMANTHAPUR(DIV 14),346,346
R488,tankers_reports_2024_4.csv,2024-04-01,2024,4,,206,206,0,487,14,SAIBABA NAGAR,206,206
R489,tankers_reports_2024_4.csv,2024-04-01,2024,4,,222,222,0,488,14,UPPAL,222,222
R490,tankers_reports_2024_4.csv,2024-04-01,2024,4,,1428,1428,0,489,15,CHANDA NAGAR,1428,1428
R491,tankers_reports_2024_4.csv,2024-04-01,2024,4,,1821,1821,0,490,15,DEEPTHISRI NAGAR (DIV 15),1821,1821
R492,tankers_reports_2024_4.csv,2024-04-01,2024,4,,2019,2018,1,491,15,Doyens section,2019,2018
R493,tankers_reports_2024_4.csv,2024-04-01,2024,4,,4383,4382,1,492,15,GACHIBOWLI (DIV 15),4383,4382
R494,tankers_reports_2024_4.csv,2024-04-01,2024,4,,6165,6165,0,493,15,HAFEEZPET (DIV 15),6165,6165
R495,tankers_reports_2024_4.csv,2024-04-01,2024,4,,14277,14277,0,494,15,KONDAPUR (DIV 15),14277,14277
R496,tankers_reports_2024_4.csv,2024-04-01,2024,4,,14989,14989,0,495,15,MADHAPUR,14989,14989
R497,tankers_reports_2024_4.csv,2024-04-01,2024,4,,1323,1323,0,496,15,MIYAPUR,1323,1323
R498,tankers_reports_2024_4.csv,2024-04-01,2024,4,,25,25,0,497,15,NALLAGANDLA (DIV 15),25,25
R499,tankers_reports_2024_4.csv,2024-04-01,2024,4,,2,2,0,498,15,PATANCHERU (DIV15),2,2
R500,tankers_reports_2024_4.csv,2024-04-01,2024,4,,2,2,0,499,15,RAMACHANDRAPURAM,2,2
R501,tankers_reports_2024_4.csv,2024-04-01,2024,4,,742,740,2,500,16,ATTAPUR,742,740
R502,tankers_reports_2024_4.csv,2024-04-01,2024,4,,375,375,0,501,16,BUDVEL (DIV16),375,375
R503,tankers_reports_2024_4.csv,2024-04-01,2024,4,,2027,2027,0,502,16,HYDERGUDA,2027,2027
R504,tankers_reports_2024_4.csv,2024-04-01,2024,4,,60,60,0,503,16,KATEDAN,60,60
R505,tankers_reports_2024_4.csv,2024-04-01,2024,4,,113,113,0,504,16,MAILERDEV PALLY,113,113
R506,tankers_reports_2024_4.csv,2024-04-01,2024,4,,147,147,0,505,16,SULEMAN NAGAR,147,147
R507,tankers_reports_2024_4.csv,2024-04-01,2024,4,,1,0,1,506,17,MIRALAM FILTER BEDS (DIV 17),1,0
R508,tankers_reports_2024_4.csv,2024-04-01,2024,4,,3465,3465,0,507,18,KISMATHPUR (DIV 18),3465,3465
R509,tankers_reports_2024_4.csv,2024-04-01,2024,4,,9286,9286,0,508,18,MANIKONDA (DIV 18),9286,9286
R510,tankers_reports_2024_4.csv,2024-04-01,2024,4,,380,380,0,509,19,BODUPPAL (DIV 19),380,380
R511,tankers_reports_2024_4.csv,2024-04-01,2024,4,,1,1,0,510,19,DHAMMAIGUDA (DIV 19),1,1
R512,tankers_reports_2024_4.csv,2024-04-01,2024,4,,1523,1523,0,511,19,PEERJADIGUDA (DIV 19),1523,1523
R513,tankers_reports_2024_4.csv,2024-04-01,2024,4,,4,4,0,512,19,POCHARAM (DIV 19),4,4
R514,tankers_reports_2024_4.csv,2024-04-01,2024,4,,484,484,0,513,20,BADANGPET  (DIV 20),484,484
R515,tankers_reports_2024_4.csv,2024-04-01,2024,4,,7,7,0,514,20,JALPALLY (DIV 20),7,7
R516,tankers_reports_2024_4.csv,2024-04-01,2024,4,,8,8,0,515,20,JILLELAGUDA (DIV 20),8,8
R517,tankers_reports_2024_4.csv,2024-04-01,2024,4,,738,738,0,516,20,MEERPET (DIV 20),738,738
R518,tankers_reports_2024_4.csv,2024-04-01,2024,4,,2,2,0,517,20,SHAMSHABAD (DIV 20),2,2
R519,tankers_reports_2024_4.csv,2024-04-01,2024,4,,3,3,0,518,20,THUKKUGUDA (PD 1),3,3
R520,tankers_reports_2024_4.csv,2024-04-01,2024,4,,5,5,0,519,22,PEDDA AMBERPET (PD 1),5,5
R521,tankers_reports_2024_4.csv,2024-04-01,2024,4,,5,5,0,520,22,TURKAYAMJAL (PD 1),5,5
R522,tankers_reports_2024_4.csv,2024-04-01,2024,4,,863,861,2,521,23,BACHUPALLY (PD 7),863,861
R523,tankers_reports_2024_4.csv,2024-04-01,2024,4,,9,9,0,522,23,GANDIMAISAMMA (PD 7),9,9
R524,tankers_reports_2024_4.csv,2024-04-01,2024,4,,5843,5843,0,523,23,NIZAMPET (PD 7),5843,5843
R525,tankers_reports_2024_4.csv,2024-04-01,2024,4,,4845,4845,0,524,23,PRAGATHINAGAR (PD 7),4845,4845
R526,tankers_reports_2024_4.csv,2024-04-01,2024,4,,43,43,0,525,24,AMEENPUR (PD 8),43,43
R527,tankers_reports_2024_4.csv,2024-04-01,2024,4,,9,9,0,526,24,BEERAMGUDA (PD 8),9,9
R528,tankers_reports_2024_4.csv,2024-04-01,2024,4,,5,5,0,527,24,TELLAPUR (PD 8),5,5
R529,tankers_reports_2024_4.csv,2024-04-01,2024,4,,1,1,0,528,25,GUNDLAPOCHAMPALLY (PD 7),1,1
R530,tankers_reports_2024_4.csv,2024-04-01,2024,4,,6,6,0,529,25,JAWAHARNAGAR (PD 3),6,6
R531,tankers_reports_2024_4.csv,2024-04-01,2024,4,,3,3,0,530,25,KOMPALLY (PD 7),3,3
R532,tankers_reports_2024_4.csv,2024-04-01,2024,4,,12,12,0,531,33,ALIABAD,12,12
R533,tankers_reports_2024_4.csv,2024-04-01,2024,4,,2,2,0,532,33,BALAPUR,2,2
R534,tankers_reports_2024_4.csv,2024-04-01,2024,4,,65,65,0,533,33,BANDLAGUDA  (DIV 2),65,65
R535,tankers_reports_2024_4.csv,2024-04-01,2024,4,,4,4,0,534,33,GOWLIPURA,4,4
R536,tankers_reports_2024_4.csv,2024-04-01,2024,4,,1,1,0,535,33,JAHANUMA,1,1
R537,tankers_reports_2024_4.csv,2024-04-01,2024,4,,13,13,0,536,33,JANGAMMET,13,13
R538,tankers_reports_2024_4.csv,2024-04-01,2024,4,,1,1,0,537,33,KANCHANBAGH,1,1
R539,tankers_reports_2024_4.csv,2024-04-01,2024,4,,3,3,0,538,33,MYSARAM,3,3
R540,tankers_reports_2024_4.csv,2024-04-01,2024,4,,1,1,0,539,33,RIYASATH NAGAR,1,1
R541,tankers_reports_2024_4.csv,2024-04-01,2024,4,,274,274,0,540,34,AUTONAGAR,274,274
R542,tankers_reports_2024_4.csv,2024-04-01,2024,4,,101,101,0,541,34,B.N.REDDY NAGAR,101,101
R543,tankers_reports_2024_4.csv,2024-04-01,2024,4,,559,559,0,542,34,KAMALANAGAR,559,559
R544,tankers_reports_2024_4.csv,2024-04-01,2024,4,,144,144,0,543,34,L.B.NAGAR,144,144
R545,tankers_reports_2024_4.csv,2024-04-01,2024,4,,827,827,0,544,34,MANSOORABAD,827,827
R546,tankers_reports_2024_4.csv,2024-04-01,2024,4,,22,22,0,545,34,NAGOLE,22,22
R547,tankers_reports_2024_4.csv,2024-04-01,2024,4,,351,351,0,546,34,NGO COLONY,351,351
R548,tankers_reports_2024_4.csv,2024-04-01,2024,4,,688,688,0,547,34,VANASTHALIPURAM (DIV 10),688,688
R549,tankers_reports_2024_5.csv,2024-05-01,2024,5,,12,12,0,548,1,BAHADURPURA,12,12
R550,tankers_reports_2024_5.csv,2024-05-01,2024,5,,1,1,0,549,1,CHANUDLAL BHARADARI,1,1
R551,tankers_reports_2024_5.csv,2024-05-01,2024,5,,7,7,0,550,1,DARUL SHIFA,7,7
R552,tankers_reports_2024_5.csv,2024-05-01,2024,5,,4,4,0,551,1,DHOOD BOWLI,4,4
R553,tankers_reports_2024_5.csv,2024-05-01,2024,5,,3,3,0,552,1,KISHAN BAGH,3,3
R554,tankers_reports_2024_5.csv,2024-05-01,2024,5,,4,4,0,553,1,M.R.G.FILTERS,4,4
R555,tankers_reports_2024_5.csv,2024-05-01,2024,5,,6,6,0,554,1,MOGHULPURA,6,6
R556,tankers_reports_2024_5.csv,2024-05-01,2024,5,,1,1,0,555,1,PATHERGATTI,1,1
R557,tankers_reports_2024_5.csv,2024-05-01,2024,5,,2,2,0,556,1,VATTEPALLY,2,2
R558,tankers_reports_2024_5.csv,2024-05-01,2024,5,,126,126,0,557,2,ASMANGARH,126,126
R559,tankers_reports_2024_5.csv,2024-05-01,2024,5,,13,13,0,558,2,AZAMPURA,13,13
R560,tankers_reports_2024_5.csv,2024-05-01,2024,5,,38,38,0,559,2,CHANCHALGUDA,38,38
R561,tankers_reports_2024_5.csv,2024-05-01,2024,5,,6,6,0,560,2,MADANNAPET,6,6
R562,tankers_reports_2024_5.csv,2024-05-01,2024,5,,111,111,0,561,2,MALAKPET,111,111
R563,tankers_reports_2024_5.csv,2024-05-01,2024,5,,198,198,0,562,2,MOOSARAMBAGH,198,198
R564,tankers_reports_2024_5.csv,2024-05-01,2024,5,,149,149,0,563,2,SAIDABAD,149,149
R565,tankers_reports_2024_5.csv,2024-05-01,2024,5,,6,6,0,564,2,SANTOSHNAGAR,6,6
R566,tankers_reports_2024_5.csv,2024-05-01,2024,5,,20,20,0,565,2,VINAY NAGAR (DIV 2 (a)),20,20
R567,tankers_reports_2024_5.csv,2024-05-01,2024,5,,116,116,0,566,3,AHMED NAGAR,116,116
R568,tankers_reports_2024_5.csv,2024-05-01,2024,5,,222,222,0,567,3,ASIF NAGAR,222,222
R569,tankers_reports_2024_5.csv,2024-05-01,2024,5,,489,489,0,568,3,CHINTAL BASTHI,489,489
R570,tankers_reports_2024_5.csv,2024-05-01,2024,5,,15,15,0,569,3,GOLCONDA,15,15
R571,tankers_reports_2024_5.csv,2024-05-01,2024,5,,208,208,0,570,3,HAKEEMPET,208,208
R572,tankers_reports_2024_5.csv,2024-05-01,2024,5,,718,718,0,571,3,KAKATIYA NAGAR,718,718
R573,tankers_reports_2024_5.csv,2024-05-01,2024,5,,68,68,0,572,3,KARWAN,68,68
R574,tankers_reports_2024_5.csv,2024-05-01,2024,5,,64,64,0,573,3,LANGER HOUSE,64,64
R575,tankers_reports_2024_5.csv,2024-05-01,2024,5,,1147,1147,0,574,3,MEHIDIPATNAM,1147,1147
R576,tankers_reports_2024_5.csv,2024-05-01,2024,5,,102,102,0,575,3,OLD MALLEPALLY,102,102
R577,tankers_reports_2024_5.csv,2024-05-01,2024,5,,2272,2272,0,576,3,SHAIKPET,2272,2272
R578,tankers_reports_2024_5.csv,2024-05-01,2024,5,,26,26,0,577,3,TAPPA CHABUTRA,26,26
R579,tankers_reports_2024_5.csv,2024-05-01,2024,5,,834,834,0,578,3,TOLI CHOWK,834,834
R580,tankers_reports_2024_5.csv,2024-05-01,2024,5,,1242,1242,0,579,3,VIJAYNAGAR COLONY,1242,1242
R581,tankers_reports_2024_5.csv,2024-05-01,2024,5,,8,8,0,580,4,ALLABANDA,8,8
R582,tankers_reports_2024_5.csv,2024-05-01,2024,5,,189,189,0,581,4,GODE-KI-KABAR,189,189
R583,tankers_reports_2024_5.csv,2024-05-01,2024,5,,79,79,0,582,4,GOWLIGUDA,79,79
R584,tankers_reports_2024_5.csv,2024-05-01,2024,5,,412,412,0,583,4,GUNFOUNDRY,412,412
R585,tankers_reports_2024_5.csv,2024-05-01,2024,5,,186,186,0,584,4,HINDI NAGAR,186,186
R586,tankers_reports_2024_5.csv,2024-05-01,2024,5,,543,543,0,585,4,RED HILLS HIGH LEVEL,543,543
R587,tankers_reports_2024_5.csv,2024-05-01,2024,5,,157,157,0,586,4,RED HILLS LOW LEVEL,157,157
R588,tankers_reports_2024_5.csv,2024-05-01,2024,5,,116,116,0,587,4,SULTAN BAZAR,116,116
R589,tankers_reports_2024_5.csv,2024-05-01,2024,5,,17,17,0,588,4,ZIAGUDA,17,17
R590,tankers_reports_2024_5.csv,2024-05-01,2024,5,,78,78,0,589,5,ADIKMET,78,78
R591,tankers_reports_2024_5.csv,2024-05-01,2024,5,,54,54,0,590,5,AMBERPET,54,54
R592,tankers_reports_2024_5.csv,2024-05-01,2024,5,,555,555,0,591,5,AZAMABAD,555,555
R593,tankers_reports_2024_5.csv,2024-05-01,2024,5,,236,236,0,592,5,BAGH LINGAMPALLY,236,236
R594,tankers_reports_2024_5.csv,2024-05-01,2024,5,,601,601,0,593,5,BARKATPURA,601,601
R595,tankers_reports_2024_5.csv,2024-05-01,2024,5,,274,274,0,594,5,BOATS CLUB,274,274
R596,tankers_reports_2024_5.csv,2024-05-01,2024,5,,137,137,0,595,5,DOMALGUDA,137,137
R597,tankers_reports_2024_5.csv,2024-05-01,2024,5,,1179,1179,0,596,5,GANDHINAGAR,1179,1179
R598,tankers_reports_2024_5.csv,2024-05-01,2024,5,,801,801,0,597,5,MUSHEERABAD,801,801
R599,tankers_reports_2024_5.csv,2024-05-01,2024,5,,786,786,0,598,5,NARAYANGUDA,786,786
R600,tankers_reports_2024_5.csv,2024-05-01,2024,5,,235,235,0,599,5,SHIVAM,235,235
R601,tankers_reports_2024_5.csv,2024-05-01,2024,5,,195,195,0,600,5,VIGYANPURI,195,195
R602,tankers_reports_2024_5.csv,2024-05-01,2024,5,,3649,3649,0,601,6,BANJARA HILLS,3649,3649
R603,tankers_reports_2024_5.csv,2024-05-01,2024,5,,341,341,0,602,6,BORABANDA,341,341
R604,tankers_reports_2024_5.csv,2024-05-01,2024,5,,805,805,0,603,6,ERRAGADDA,805,805
R605,tankers_reports_2024_5.csv,2024-05-01,2024,5,,1426,1426,0,604,6,FATHENAGAR,1426,1426
R606,tankers_reports_2024_5.csv,2024-05-01,2024,5,,1001,1001,0,605,6,FILM NAGAR,1001,1001
R607,tankers_reports_2024_5.csv,2024-05-01,2024,5,,5621,5621,0,606,6,JUBILEE HILLS,5621,5621
R608,tankers_reports_2024_5.csv,2024-05-01,2024,5,,291,291,0,607,6,S.P.R HILLS,291,291
R609,tankers_reports_2024_5.csv,2024-05-01,2024,5,,5951,5951,0,608,6,S.R.NAGAR,5951,5951
R610,tankers_reports_2024_5.csv,2024-05-01,2024,5,,2290,2290,0,609,6,SOMAJIGUDA,2290,2290
R611,tankers_reports_2024_5.csv,2024-05-01,2024,5,,1326,1326,0,610,6,THATTIKHANA,1326,1326
R612,tankers_reports_2024_5.csv,2024-05-01,2024,5,,3118,3118,0,611,6,VENGALRAONAGAR,3118,3118
R613,tankers_reports_2024_5.csv,2024-05-01,2024,5,,2785,2785,0,612,6,YELLAREDDYGUDA,2785,2785
R614,tankers_reports_2024_5.csv,2024-05-01,2024,5,,487,487,0,613,7,BOIGUDA,487,487
R615,tankers_reports_2024_5.csv,2024-05-01,2024,5,,224,224,0,614,7,BOUDHANAGAR,224,224
R616,tankers_reports_2024_5.csv,2024-05-01,2024,5,,123,123,0,615,7,HUSSAINSAGAR,123,123
R617,tankers_reports_2024_5.csv,2024-05-01,2024,5,,40,40,0,616,7,LALAPET,40,40
R618,tankers_reports_2024_5.csv,2024-05-01,2024,5,,360,360,0,617,7,MARREDPALLY,360,360
R619,tankers_reports_2024_5.csv,2024-05-01,2024,5,,99,99,0,618,7,METTUGUDA,99,99
R620,tankers_reports_2024_5.csv,2024-05-01,2024,5,,74,74,0,619,7,NALLAGUTTA,74,74
R621,tankers_reports_2024_5.csv,2024-05-01,2024,5,,424,424,0,620,7,PRAKASHNAGAR,424,424
R622,tankers_reports_2024_5.csv,2024-05-01,2024,5,,170,170,0,621,7,REGIMENTAL BAZAR,170,170
R623,tankers_reports_2024_5.csv,2024-05-01,2024,5,,820,820,0,622,7,SEETHAPALMANDI,820,820
R624,tankers_reports_2024_5.csv,2024-05-01,2024,5,,1422,1422,0,623,7,SRINIVAS NAGAR,1422,1422
R625,tankers_reports_2024_5.csv,2024-05-01,2024,5,,1576,1576,0,624,7,TARNAKA,1576,1576
R626,tankers_reports_2024_5.csv,2024-05-01,2024,5,,4493,4493,0,625,9,BALAJINAGAR (DIV 9),4493,4493
R627,tankers_reports_2024_5.csv,2024-05-01,2024,5,,101,101,0,626,9,BALANAGAR,101,101
R628,tankers_reports_2024_5.csv,2024-05-01,2024,5,,3315,3315,0,627,9,BHAGYANAGAR,3315,3315
R629,tankers_reports_2024_5.csv,2024-05-01,2024,5,,163,163,0,628,9,BHARATHNAGAR,163,163
R630,tankers_reports_2024_5.csv,2024-05-01,2024,5,,1752,1751,1,629,9,GAYATRI NAGAR,1752,1751
R631,tankers_reports_2024_5.csv,2024-05-01,2024,5,,967,967,0,630,9,HASMATHPET,967,967
R632,tankers_reports_2024_5.csv,2024-05-01,2024,5,,5649,5649,0,631,9,KPHB,5649,5649
R633,tankers_reports_2024_5.csv,2024-05-01,2024,5,,695,695,0,632,9,KUKATPALLY,695,695
R634,tankers_reports_2024_5.csv,2024-05-01,2024,5,,209,209,0,633,9,MOOSAPET,209,209
R635,tankers_reports_2024_5.csv,2024-05-01,2024,5,,880,880,0,634,9,MOTI NAGAR,880,880
R636,tankers_reports_2024_5.csv,2024-05-01,2024,5,,324,324,0,635,9,VIVEKANANDA NAGAR,324,324
R637,tankers_reports_2024_5.csv,2024-05-01,2024,5,,866,866,0,636,9,YELLAMMABANDA,866,866
R638,tankers_reports_2024_5.csv,2024-05-01,2024,5,,1830,1830,0,637,10,ALKAPURI,1830,1830
R639,tankers_reports_2024_5.csv,2024-05-01,2024,5,,243,243,0,638,10,DILSHUKNAGAR,243,243
R640,tankers_reports_2024_5.csv,2024-05-01,2024,5,,400,400,0,639,10,KOTHAPETA,400,400
R641,tankers_reports_2024_5.csv,2024-05-01,2024,5,,180,180,0,640,10,LINGOJIGUDA,180,180
R642,tankers_reports_2024_5.csv,2024-05-01,2024,5,,671,671,0,641,10,MARUTHINAGAR (DIV 10),671,671
R643,tankers_reports_2024_5.csv,2024-05-01,2024,5,,993,993,0,642,10,SAHEBNAGAR (DIV 10),993,993
R644,tankers_reports_2024_5.csv,2024-05-01,2024,5,,403,403,0,643,10,SAROORNAGAR,403,403
R645,tankers_reports_2024_5.csv,2024-05-01,2024,5,,212,212,0,644,10,VAISHALINAGAR (DIV 10),212,212
R646,tankers_reports_2024_5.csv,2024-05-01,2024,5,,110,110,0,645,12,ADARSHNAGAR,110,110
R647,tankers_reports_2024_5.csv,2024-05-01,2024,5,,68,68,0,646,12,Bhagatsingh Nagar,68,68
R648,tankers_reports_2024_5.csv,2024-05-01,2024,5,,108,108,0,647,12,CHINTAL,108,108
R649,tankers_reports_2024_5.csv,2024-05-01,2024,5,,1349,1349,0,648,12,GAJULARAMARAM,1349,1349
R650,tankers_reports_2024_5.csv,2024-05-01,2024,5,,197,197,0,649,12,JEEDIMETLA,197,197
R651,tankers_reports_2024_5.csv,2024-05-01,2024,5,,115,115,0,650,12,Jagathgirigutta,115,115
R652,tankers_reports_2024_5.csv,2024-05-01,2024,5,,724,724,0,651,12,SHAPOORNAGAR,724,724
R653,tankers_reports_2024_5.csv,2024-05-01,2024,5,,290,290,0,652,12,SURARAM,290,290
R654,tankers_reports_2024_5.csv,2024-05-01,2024,5,,726,726,0,653,12,USHODAYA,726,726
R655,tankers_reports_2024_5.csv,2024-05-01,2024,5,,588,588,0,654,12,suchitra,588,588
R656,tankers_reports_2024_5.csv,2024-05-01,2024,5,,73,73,0,655,13,ALWAL (Div13),73,73
R657,tankers_reports_2024_5.csv,2024-05-01,2024,5,,335,335,0,656,13,CHANUKYAPURI,335,335
R658,tankers_reports_2024_5.csv,2024-05-01,2024,5,,495,495,0,657,13,DEFENCE COLONY,495,495
R659,tankers_reports_2024_5.csv,2024-05-01,2024,5,,1486,1486,0,658,13,FATHER BALAIAHNAGAR (Div13),1486,1486
R660,tankers_reports_2024_5.csv,2024-05-01,2024,5,,501,501,0,659,13,GOWTHAM NAGAR,501,501
R661,tankers_reports_2024_5.csv,2024-05-01,2024,5,,277,277,0,660,13,MACHABOLLARAM,277,277
R662,tankers_reports_2024_5.csv,2024-05-01,2024,5,,415,415,0,661,13,SAINATHPURAM,415,415
R663,tankers_reports_2024_5.csv,2024-05-01,2024,5,,192,192,0,662,13,VAJPAYEE NAGAR,192,192
R664,tankers_reports_2024_5.csv,2024-05-01,2024,5,,216,216,0,663,13,VENKATAPURAM,216,216
R665,tankers_reports_2024_5.csv,2024-05-01,2024,5,,298,298,0,664,13,YAPRAL (Div13),298,298
R666,tankers_reports_2024_5.csv,2024-05-01,2024,5,,34,34,0,665,14,CHERLAPALLY,34,34
R667,tankers_reports_2024_5.csv,2024-05-01,2024,5,,123,123,0,666,14,HOUSING BOARD,123,123
R668,tankers_reports_2024_5.csv,2024-05-01,2024,5,,413,413,0,667,14,HUBSIGUDA,413,413
R669,tankers_reports_2024_5.csv,2024-05-01,2024,5,,294,294,0,668,14,NACHARAM,294,294
R670,tankers_reports_2024_5.csv,2024-05-01,2024,5,,237,230,7,669,14,RADHIKA,237,230
R671,tankers_reports_2024_5.csv,2024-05-01,2024,5,,238,238,0,670,14,RAMANTHAPUR(DIV 14),238,238
R672,tankers_reports_2024_5.csv,2024-05-01,2024,5,,311,311,0,671,14,SAIBABA NAGAR,311,311
R673,tankers_reports_2024_5.csv,2024-05-01,2024,5,,278,278,0,672,14,UPPAL,278,278
R674,tankers_reports_2024_5.csv,2024-05-01,2024,5,,1016,1016,0,673,15,CHANDA NAGAR,1016,1016
R675,tankers_reports_2024_5.csv,2024-05-01,2024,5,,1277,1277,0,674,15,DEEPTHISRI NAGAR (DIV 15),1277,1277
R676,tankers_reports_2024_5.csv,2024-05-01,2024,5,,1598,1598,0,675,15,Doyens section,1598,1598
R677,tankers_reports_2024_5.csv,2024-05-01,2024,5,,4847,4847,0,676,15,GACHIBOWLI (DIV 15),4847,4847
R678,tankers_reports_2024_5.csv,2024-05-01,2024,5,,4957,4957,0,677,15,HAFEEZPET (DIV 15),4957,4957
R679,tankers_reports_2024_5.csv,2024-05-01,2024,5,,13474,13474,0,678,15,KONDAPUR (DIV 15),13474,13474
R680,tankers_reports_2024_5.csv,2024-05-01,2024,5,,14473,14469,4,679,15,MADHAPUR,14473,14469
R681,tankers_reports_2024_5.csv,2024-05-01,2024,5,,1679,1679,0,680,15,MIYAPUR,1679,1679
R682,tankers_reports_2024_5.csv,2024-05-01,2024,5,,55,55,0,681,15,NALLAGANDLA (DIV 15),55,55
R683,tankers_reports_2024_5.csv,2024-05-01,2024,5,,3,3,0,682,15,PATANCHERU (DIV15),3,3
R684,tankers_reports_2024_5.csv,2024-05-01,2024,5,,20,20,0,683,15,RAMACHANDRAPURAM,20,20
R685,tankers_reports_2024_5.csv,2024-05-01,2024,5,,673,673,0,684,16,ATTAPUR,673,673
R686,tankers_reports_2024_5.csv,2024-05-01,2024,5,,300,300,0,685,16,BUDVEL (DIV16),300,300
R687,tankers_reports_2024_5.csv,2024-05-01,2024,5,,2177,2177,0,686,16,HYDERGUDA,2177,2177
R688,tankers_reports_2024_5.csv,2024-05-01,2024,5,,60,60,0,687,16,KATEDAN,60,60
R689,tankers_reports_2024_5.csv,2024-05-01,2024,5,,129,129,0,688,16,MAILERDEV PALLY,129,129
R690,tankers_reports_2024_5.csv,2024-05-01,2024,5,,252,252,0,689,16,SULEMAN NAGAR,252,252
R691,tankers_reports_2024_5.csv,2024-05-01,2024,5,,4183,4183,0,690,18,KISMATHPUR (DIV 18),4183,4183
R692,tankers_reports_2024_5.csv,2024-05-01,2024,5,,9696,9694,2,691,18,MANIKONDA (DIV 18),9696,9694
R693,tankers_reports_2024_5.csv,2024-05-01,2024,5,,440,440,0,692,19,BODUPPAL (DIV 19),440,440
R694,tankers_reports_2024_5.csv,2024-05-01,2024,5,,1,1,0,693,19,DHAMMAIGUDA (DIV 19),1,1
R695,tankers_reports_2024_5.csv,2024-05-01,2024,5,,1706,1706,0,694,19,PEERJADIGUDA (DIV 19),1706,1706
R696,tankers_reports_2024_5.csv,2024-05-01,2024,5,,4,4,0,695,19,POCHARAM (DIV 19),4,4
R697,tankers_reports_2024_5.csv,2024-05-01,2024,5,,442,442,0,696,20,BADANGPET  (DIV 20),442,442
R698,tankers_reports_2024_5.csv,2024-05-01,2024,5,,16,16,0,697,20,JALPALLY (DIV 20),16,16
R699,tankers_reports_2024_5.csv,2024-05-01,2024,5,,8,8,0,698,20,JILLELAGUDA (DIV 20),8,8
R700,tankers_reports_2024_5.csv,2024-05-01,2024,5,,693,693,0,699,20,MEERPET (DIV 20),693,693
R701,tankers_reports_2024_5.csv,2024-05-01,2024,5,,1,1,0,700,20,THUKKUGUDA (PD 1),1,1
R702,tankers_reports_2024_5.csv,2024-05-01,2024,5,,3,3,0,701,22,PEDDA AMBERPET (PD 1),3,3
R703,tankers_reports_2024_5.csv,2024-05-01,2024,5,,9,9,0,702,22,TURKAYAMJAL (PD 1),9,9
R704,tankers_reports_2024_5.csv,2024-05-01,2024,5,,1480,1480,0,703,23,BACHUPALLY (PD 7),1480,1480
R705,tankers_reports_2024_5.csv,2024-05-01,2024,5,,8,8,0,704,23,GANDIMAISAMMA (PD 7),8,8
R706,tankers_reports_2024_5.csv,2024-05-01,2024,5,,5302,5302,0,705,23,NIZAMPET (PD 7),5302,5302
R707,tankers_reports_2024_5.csv,2024-05-01,2024,5,,4346,4346,0,706,23,PRAGATHINAGAR (PD 7),4346,4346
R708,tankers_reports_2024_5.csv,2024-05-01,2024,5,,22,22,0,707,24,AMEENPUR (PD 8),22,22
R709,tankers_reports_2024_5.csv,2024-05-01,2024,5,,12,12,0,708,24,BEERAMGUDA (PD 8),12,12
R710,tankers_reports_2024_5.csv,2024-05-01,2024,5,,1,1,0,709,24,BOLLARAM (PD 8),1,1
R711,tankers_reports_2024_5.csv,2024-05-01,2024,5,,2,2,0,710,24,TELLAPUR (PD 8),2,2
R712,tankers_reports_2024_5.csv,2024-05-01,2024,5,,10,10,0,711,25,JAWAHARNAGAR (PD 3),10,10
R713,tankers_reports_2024_5.csv,2024-05-01,2024,5,,3,3,0,712,25,KOMPALLY (PD 7),3,3
R714,tankers_reports_2024_5.csv,2024-05-01,2024,5,,7,7,0,713,33,ALIABAD,7,7
R715,tankers_reports_2024_5.csv,2024-05-01,2024,5,,5,5,0,714,33,BALAPUR,5,5
R716,tankers_reports_2024_5.csv,2024-05-01,2024,5,,63,63,0,715,33,BANDLAGUDA  (DIV 2),63,63
R717,tankers_reports_2024_5.csv,2024-05-01,2024,5,,6,6,0,716,33,JAHANUMA,6,6
R718,tankers_reports_2024_5.csv,2024-05-01,2024,5,,6,6,0,717,33,JANGAMMET,6,6
R719,tankers_reports_2024_5.csv,2024-05-01,2024,5,,1,1,0,718,33,KANCHANBAGH,1,1
R720,tankers_reports_2024_5.csv,2024-05-01,2024,5,,2,2,0,719,33,MYSARAM,2,2
R721,tankers_reports_2024_5.csv,2024-05-01,2024,5,,2,2,0,720,33,RIYASATH NAGAR,2,2
R722,tankers_reports_2024_5.csv,2024-05-01,2024,5,,328,328,0,721,34,AUTONAGAR,328,328
R723,tankers_reports_2024_5.csv,2024-05-01,2024,5,,83,83,0,722,34,B.N.REDDY NAGAR,83,83
R724,tankers_reports_2024_5.csv,2024-05-01,2024,5,,413,413,0,723,34,KAMALANAGAR,413,413
R725,tankers_reports_2024_5.csv,2024-05-01,2024,5,,207,207,0,724,34,L.B.NAGAR,207,207
R726,tankers_reports_2024_5.csv,2024-05-01,2024,5,,932,932,0,725,34,MANSOORABAD,932,932
R727,tankers_reports_2024_5.csv,2024-05-01,2024,5,,35,35,0,726,34,NAGOLE,35,35
R728,tankers_reports_2024_5.csv,2024-05-01,2024,5,,332,332,0,727,34,NGO COLONY,332,332
R729,tankers_reports_2024_5.csv,2024-05-01,2024,5,,674,674,0,728,34,VANASTHALIPURAM (DIV 10),674,674
R730,tankers_reports_2024_7.csv,2024-07-01,2024,7,,9,9,0,729,1,BAHADURPURA,9,9
R731,tankers_reports_2024_7.csv,2024-07-01,2024,7,,2,2,0,730,1,DARUL SHIFA,2,2
R732,tankers_reports_2024_7.csv,2024-07-01,2024,7,,3,3,0,731,1,DHOOD BOWLI,3,3
R733,tankers_reports_2024_7.csv,2024-07-01,2024,7,,1,1,0,732,1,KISHAN BAGH,1,1
R734,tankers_reports_2024_7.csv,2024-07-01,2024,7,,5,5,0,733,1,M.R.G.FILTERS,5,5
R735,tankers_reports_2024_7.csv,2024-07-01,2024,7,,1,1,0,734,1,PATHERGATTI,1,1
R736,tankers_reports_2024_7.csv,2024-07-01,2024,7,,45,45,0,735,2,ASMANGARH,45,45
R737,tankers_reports_2024_7.csv,2024-07-01,2024,7,,2,2,0,736,2,AZAMPURA,2,2
R738,tankers_reports_2024_7.csv,2024-07-01,2024,7,,6,6,0,737,2,CHANCHALGUDA,6,6
R739,tankers_reports_2024_7.csv,2024-07-01,2024,7,,8,8,0,738,2,MADANNAPET,8,8
R740,tankers_reports_2024_7.csv,2024-07-01,2024,7,,25,25,0,739,2,MALAKPET,25,25
R741,tankers_reports_2024_7.csv,2024-07-01,2024,7,,136,136,0,740,2,MOOSARAMBAGH,136,136
R742,tankers_reports_2024_7.csv,2024-07-01,2024,7,,57,57,0,741,2,SAIDABAD,57,57
R743,tankers_reports_2024_7.csv,2024-07-01,2024,7,,2,2,0,742,2,SANTOSHNAGAR,2,2
R744,tankers_reports_2024_7.csv,2024-07-01,2024,7,,15,15,0,743,2,VINAY NAGAR (DIV 2 (a)),15,15
R745,tankers_reports_2024_7.csv,2024-07-01,2024,7,,99,99,0,744,3,AHMED NAGAR,99,99
R746,tankers_reports_2024_7.csv,2024-07-01,2024,7,,104,104,0,745,3,ASIF NAGAR,104,104
R747,tankers_reports_2024_7.csv,2024-07-01,2024,7,,251,251,0,746,3,CHINTAL BASTHI,251,251
R748,tankers_reports_2024_7.csv,2024-07-01,2024,7,,3,3,0,747,3,GOLCONDA,3,3
R749,tankers_reports_2024_7.csv,2024-07-01,2024,7,,116,116,0,748,3,HAKEEMPET,116,116
R750,tankers_reports_2024_7.csv,2024-07-01,2024,7,,567,567,0,749,3,KAKATIYA NAGAR,567,567
R751,tankers_reports_2024_7.csv,2024-07-01,2024,7,,60,60,0,750,3,KARWAN,60,60
R752,tankers_reports_2024_7.csv,2024-07-01,2024,7,,54,54,0,751,3,LANGER HOUSE,54,54
R753,tankers_reports_2024_7.csv,2024-07-01,2024,7,,648,648,0,752,3,MEHIDIPATNAM,648,648
R754,tankers_reports_2024_7.csv,2024-07-01,2024,7,,35,35,0,753,3,OLD MALLEPALLY,35,35
R755,tankers_reports_2024_7.csv,2024-07-01,2024,7,,1466,1466,0,754,3,SHAIKPET,1466,1466
R756,tankers_reports_2024_7.csv,2024-07-01,2024,7,,16,16,0,755,3,TAPPA CHABUTRA,16,16
R757,tankers_reports_2024_7.csv,2024-07-01,2024,7,,636,636,0,756,3,TOLI CHOWK,636,636
R758,tankers_reports_2024_7.csv,2024-07-01,2024,7,,545,545,0,757,3,VIJAYNAGAR COLONY,545,545
R759,tankers_reports_2024_7.csv,2024-07-01,2024,7,,2,2,0,758,4,ALLABANDA,2,2
R760,tankers_reports_2024_7.csv,2024-07-01,2024,7,,39,39,0,759,4,GODE-KI-KABAR,39,39
R761,tankers_reports_2024_7.csv,2024-07-01,2024,7,,15,15,0,760,4,GOWLIGUDA,15,15
R762,tankers_reports_2024_7.csv,2024-07-01,2024,7,,235,235,0,761,4,GUNFOUNDRY,235,235
R763,tankers_reports_2024_7.csv,2024-07-01,2024,7,,52,52,0,762,4,HINDI NAGAR,52,52
R764,tankers_reports_2024_7.csv,2024-07-01,2024,7,,183,183,0,763,4,RED HILLS HIGH LEVEL,183,183
R765,tankers_reports_2024_7.csv,2024-07-01,2024,7,,54,54,0,764,4,RED HILLS LOW LEVEL,54,54
R766,tankers_reports_2024_7.csv,2024-07-01,2024,7,,60,60,0,765,4,SULTAN BAZAR,60,60
R767,tankers_reports_2024_7.csv,2024-07-01,2024,7,,72,72,0,766,5,ADIKMET,72,72
R768,tankers_reports_2024_7.csv,2024-07-01,2024,7,,16,16,0,767,5,AMBERPET,16,16
R769,tankers_reports_2024_7.csv,2024-07-01,2024,7,,386,386,0,768,5,AZAMABAD,386,386
R770,tankers_reports_2024_7.csv,2024-07-01,2024,7,,241,241,0,769,5,BAGH LINGAMPALLY,241,241
R771,tankers_reports_2024_7.csv,2024-07-01,2024,7,,182,182,0,770,5,BARKATPURA,182,182
R772,tankers_reports_2024_7.csv,2024-07-01,2024,7,,75,75,0,771,5,BOATS CLUB,75,75
R773,tankers_reports_2024_7.csv,2024-07-01,2024,7,,69,69,0,772,5,DOMALGUDA,69,69
R774,tankers_reports_2024_7.csv,2024-07-01,2024,7,,716,716,0,773,5,GANDHINAGAR,716,716
R775,tankers_reports_2024_7.csv,2024-07-01,2024,7,,324,324,0,774,5,MUSHEERABAD,324,324
R776,tankers_reports_2024_7.csv,2024-07-01,2024,7,,389,389,0,775,5,NARAYANGUDA,389,389
R777,tankers_reports_2024_7.csv,2024-07-01,2024,7,,134,134,0,776,5,SHIVAM,134,134
R778,tankers_reports_2024_7.csv,2024-07-01,2024,7,,43,43,0,777,5,VIGYANPURI,43,43
R779,tankers_reports_2024_7.csv,2024-07-01,2024,7,,2226,2226,0,778,6,BANJARA HILLS,2226,2226
R780,tankers_reports_2024_7.csv,2024-07-01,2024,7,,315,315,0,779,6,BORABANDA,315,315
R781,tankers_reports_2024_7.csv,2024-07-01,2024,7,,605,605,0,780,6,ERRAGADDA,605,605
R782,tankers_reports_2024_7.csv,2024-07-01,2024,7,,979,979,0,781,6,FATHENAGAR,979,979
R783,tankers_reports_2024_7.csv,2024-07-01,2024,7,,454,454,0,782,6,FILM NAGAR,454,454
R784,tankers_reports_2024_7.csv,2024-07-01,2024,7,,2496,2496,0,783,6,JUBILEE HILLS,2496,2496
R785,tankers_reports_2024_7.csv,2024-07-01,2024,7,,179,179,0,784,6,S.P.R HILLS,179,179
R786,tankers_reports_2024_7.csv,2024-07-01,2024,7,,3502,3502,0,785,6,S.R.NAGAR,3502,3502
R787,tankers_reports_2024_7.csv,2024-07-01,2024,7,,1153,1153,0,786,6,SOMAJIGUDA,1153,1153
R788,tankers_reports_2024_7.csv,2024-07-01,2024,7,,644,644,0,787,6,THATTIKHANA,644,644
R789,tankers_reports_2024_7.csv,2024-07-01,2024,7,,1983,1983,0,788,6,VENGALRAONAGAR,1983,1983
R790,tankers_reports_2024_7.csv,2024-07-01,2024,7,,1264,1264,0,789,6,YELLAREDDYGUDA,1264,1264
R791,tankers_reports_2024_7.csv,2024-07-01,2024,7,,141,141,0,790,7,BOIGUDA,141,141
R792,tankers_reports_2024_7.csv,2024-07-01,2024,7,,73,73,0,791,7,BOUDHANAGAR,73,73
R793,tankers_reports_2024_7.csv,2024-07-01,2024,7,,45,45,0,792,7,HUSSAINSAGAR,45,45
R794,tankers_reports_2024_7.csv,2024-07-01,2024,7,,14,14,0,793,7,LALAPET,14,14
R795,tankers_reports_2024_7.csv,2024-07-01,2024,7,,297,297,0,794,7,MARREDPALLY,297,297
R796,tankers_reports_2024_7.csv,2024-07-01,2024,7,,68,68,0,795,7,METTUGUDA,68,68
R797,tankers_reports_2024_7.csv,2024-07-01,2024,7,,49,49,0,796,7,NALLAGUTTA,49,49
R798,tankers_reports_2024_7.csv,2024-07-01,2024,7,,282,282,0,797,7,PRAKASHNAGAR,282,282
R799,tankers_reports_2024_7.csv,2024-07-01,2024,7,,103,103,0,798,7,REGIMENTAL BAZAR,103,103
R800,tankers_reports_2024_7.csv,2024-07-01,2024,7,,257,257,0,799,7,SEETHAPALMANDI,257,257
R801,tankers_reports_2024_7.csv,2024-07-01,2024,7,,469,469,0,800,7,SRINIVAS NAGAR,469,469
R802,tankers_reports_2024_7.csv,2024-07-01,2024,7,,1130,1130,0,801,7,TARNAKA,1130,1130
R803,tankers_reports_2024_7.csv,2024-07-01,2024,7,,3521,3521,0,802,9,BALAJINAGAR (DIV 9),3521,3521
R804,tankers_reports_2024_7.csv,2024-07-01,2024,7,,94,94,0,803,9,BALANAGAR,94,94
R805,tankers_reports_2024_7.csv,2024-07-01,2024,7,,2424,2424,0,804,9,BHAGYANAGAR,2424,2424
R806,tankers_reports_2024_7.csv,2024-07-01,2024,7,,69,69,0,805,9,BHARATHNAGAR,69,69
R807,tankers_reports_2024_7.csv,2024-07-01,2024,7,,1658,1658,0,806,9,GAYATRI NAGAR,1658,1658
R808,tankers_reports_2024_7.csv,2024-07-01,2024,7,,668,668,0,807,9,HASMATHPET,668,668
R809,tankers_reports_2024_7.csv,2024-07-01,2024,7,,4200,4200,0,808,9,KPHB,4200,4200
R810,tankers_reports_2024_7.csv,2024-07-01,2024,7,,561,561,0,809,9,KUKATPALLY,561,561
R811,tankers_reports_2024_7.csv,2024-07-01,2024,7,,203,203,0,810,9,MOOSAPET,203,203
R812,tankers_reports_2024_7.csv,2024-07-01,2024,7,,527,527,0,811,9,MOTI NAGAR,527,527
R813,tankers_reports_2024_7.csv,2024-07-01,2024,7,,208,208,0,812,9,VIVEKANANDA NAGAR,208,208
R814,tankers_reports_2024_7.csv,2024-07-01,2024,7,,584,584,0,813,9,YELLAMMABANDA,584,584
R815,tankers_reports_2024_7.csv,2024-07-01,2024,7,,918,918,0,814,10,ALKAPURI,918,918
R816,tankers_reports_2024_7.csv,2024-07-01,2024,7,,146,146,0,815,10,DILSHUKNAGAR,146,146
R817,tankers_reports_2024_7.csv,2024-07-01,2024,7,,34,34,0,816,10,KOTHAPETA,34,34
R818,tankers_reports_2024_7.csv,2024-07-01,2024,7,,139,139,0,817,10,LINGOJIGUDA,139,139
R819,tankers_reports_2024_7.csv,2024-07-01,2024,7,,431,431,0,818,10,MARUTHINAGAR (DIV 10),431,431
R820,tankers_reports_2024_7.csv,2024-07-01,2024,7,,225,225,0,819,10,SAHEBNAGAR (DIV 10),225,225
R821,tankers_reports_2024_7.csv,2024-07-01,2024,7,,338,338,0,820,10,SAROORNAGAR,338,338
R822,tankers_reports_2024_7.csv,2024-07-01,2024,7,,181,181,0,821,10,VAISHALINAGAR (DIV 10),181,181
R823,tankers_reports_2024_7.csv,2024-07-01,2024,7,,42,42,0,822,12,ADARSHNAGAR,42,42
R824,tankers_reports_2024_7.csv,2024-07-01,2024,7,,25,25,0,823,12,Bhagatsingh Nagar,25,25
R825,tankers_reports_2024_7.csv,2024-07-01,2024,7,,158,158,0,824,12,CHINTAL,158,158
R826,tankers_reports_2024_7.csv,2024-07-01,2024,7,,1652,1652,0,825,12,GAJULARAMARAM,1652,1652
R827,tankers_reports_2024_7.csv,2024-07-01,2024,7,,127,127,0,826,12,JEEDIMETLA,127,127
R828,tankers_reports_2024_7.csv,2024-07-01,2024,7,,37,37,0,827,12,Jagathgirigutta,37,37
R829,tankers_reports_2024_7.csv,2024-07-01,2024,7,,709,709,0,828,12,SHAPOORNAGAR,709,709
R830,tankers_reports_2024_7.csv,2024-07-01,2024,7,,315,315,0,829,12,SURARAM,315,315
R831,tankers_reports_2024_7.csv,2024-07-01,2024,7,,701,701,0,830,12,USHODAYA,701,701
R832,tankers_reports_2024_7.csv,2024-07-01,2024,7,,781,781,0,831,12,suchitra,781,781
R833,tankers_reports_2024_7.csv,2024-07-01,2024,7,,45,45,0,832,13,ALWAL (Div13),45,45
R834,tankers_reports_2024_7.csv,2024-07-01,2024,7,,361,361,0,833,13,CHANUKYAPURI,361,361
R835,tankers_reports_2024_7.csv,2024-07-01,2024,7,,261,261,0,834,13,DEFENCE COLONY,261,261
R836,tankers_reports_2024_7.csv,2024-07-01,2024,7,,834,834,0,835,13,FATHER BALAIAHNAGAR (Div13),834,834
R837,tankers_reports_2024_7.csv,2024-07-01,2024,7,,564,564,0,836,13,GOWTHAM NAGAR,564,564
R838,tankers_reports_2024_7.csv,2024-07-01,2024,7,,211,211,0,837,13,MACHABOLLARAM,211,211
R839,tankers_reports_2024_7.csv,2024-07-01,2024,7,,534,534,0,838,13,SAINATHPURAM,534,534
R840,tankers_reports_2024_7.csv,2024-07-01,2024,7,,119,119,0,839,13,VAJPAYEE NAGAR,119,119
R841,tankers_reports_2024_7.csv,2024-07-01,2024,7,,143,143,0,840,13,VENKATAPURAM,143,143
R842,tankers_reports_2024_7.csv,2024-07-01,2024,7,,132,132,0,841,13,YAPRAL (Div13),132,132
R843,tankers_reports_2024_7.csv,2024-07-01,2024,7,,33,33,0,842,14,CHERLAPALLY,33,33
R844,tankers_reports_2024_7.csv,2024-07-01,2024,7,,67,67,0,843,14,HOUSING BOARD,67,67
R845,tankers_reports_2024_7.csv,2024-07-01,2024,7,,270,270,0,844,14,HUBSIGUDA,270,270
R846,tankers_reports_2024_7.csv,2024-07-01,2024,7,,164,164,0,845,14,NACHARAM,164,164
R847,tankers_reports_2024_7.csv,2024-07-01,2024,7,,211,211,0,846,14,RADHIKA,211,211
R848,tankers_reports_2024_7.csv,2024-07-01,2024,7,,133,133,0,847,14,RAMANTHAPUR(DIV 14),133,133
R849,tankers_reports_2024_7.csv,2024-07-01,2024,7,,275,275,0,848,14,SAIBABA NAGAR,275,275
R850,tankers_reports_2024_7.csv,2024-07-01,2024,7,,80,80,0,849,14,UPPAL,80,80
R851,tankers_reports_2024_7.csv,2024-07-01,2024,7,,574,574,0,850,15,CHANDA NAGAR,574,574
R852,tankers_reports_2024_7.csv,2024-07-01,2024,7,,861,861,0,851,15,DEEPTHISRI NAGAR (DIV 15),861,861
R853,tankers_reports_2024_7.csv,2024-07-01,2024,7,,1258,1258,0,852,15,Doyens section,1258,1258
R854,tankers_reports_2024_7.csv,2024-07-01,2024,7,,3836,3836,0,853,15,GACHIBOWLI (DIV 15),3836,3836
R855,tankers_reports_2024_7.csv,2024-07-01,2024,7,,4178,4178,0,854,15,HAFEEZPET (DIV 15),4178,4178
R856,tankers_reports_2024_7.csv,2024-07-01,2024,7,,10450,10450,0,855,15,KONDAPUR (DIV 15),10450,10450
R857,tankers_reports_2024_7.csv,2024-07-01,2024,7,,10042,10042,0,856,15,MADHAPUR,10042,10042
R858,tankers_reports_2024_7.csv,2024-07-01,2024,7,,936,936,0,857,15,MIYAPUR,936,936
R859,tankers_reports_2024_7.csv,2024-07-01,2024,7,,35,35,0,858,15,NALLAGANDLA (DIV 15),35,35
R860,tankers_reports_2024_7.csv,2024-07-01,2024,7,,11,11,0,859,15,RAMACHANDRAPURAM,11,11
R861,tankers_reports_2024_7.csv,2024-07-01,2024,7,,285,285,0,860,16,ATTAPUR,285,285
R862,tankers_reports_2024_7.csv,2024-07-01,2024,7,,148,148,0,861,16,BUDVEL (DIV16),148,148
R863,tankers_reports_2024_7.csv,2024-07-01,2024,7,,1499,1498,1,862,16,HYDERGUDA,1499,1498
R864,tankers_reports_2024_7.csv,2024-07-01,2024,7,,74,74,0,863,16,KATEDAN,74,74
R865,tankers_reports_2024_7.csv,2024-07-01,2024,7,,80,80,0,864,16,MAILERDEV PALLY,80,80
R866,tankers_reports_2024_7.csv,2024-07-01,2024,7,,122,122,0,865,16,SULEMAN NAGAR,122,122
R867,tankers_reports_2024_7.csv,2024-07-01,2024,7,,4667,4667,0,866,18,KISMATHPUR (DIV 18),4667,4667
R868,tankers_reports_2024_7.csv,2024-07-01,2024,7,,9259,9258,1,867,18,MANIKONDA (DIV 18),9259,9258
R869,tankers_reports_2024_7.csv,2024-07-01,2024,7,,184,184,0,868,19,BODUPPAL (DIV 19),184,184
R870,tankers_reports_2024_7.csv,2024-07-01,2024,7,,2,2,0,869,19,DHAMMAIGUDA (DIV 19),2,2
R871,tankers_reports_2024_7.csv,2024-07-01,2024,7,,1,1,0,870,19,NAGARAM (DIV 19),1,1
R872,tankers_reports_2024_7.csv,2024-07-01,2024,7,,1033,1033,0,871,19,PEERJADIGUDA (DIV 19),1033,1033
R873,tankers_reports_2024_7.csv,2024-07-01,2024,7,,31,31,0,872,20,BADANGPET  (DIV 20),31,31
R874,tankers_reports_2024_7.csv,2024-07-01,2024,7,,3,3,0,873,20,JALPALLY (DIV 20),3,3
R875,tankers_reports_2024_7.csv,2024-07-01,2024,7,,11,11,0,874,20,JILLELAGUDA (DIV 20),11,11
R876,tankers_reports_2024_7.csv,2024-07-01,2024,7,,114,114,0,875,20,MEERPET (DIV 20),114,114
R877,tankers_reports_2024_7.csv,2024-07-01,2024,7,,2,2,0,876,20,SHAMSHABAD (DIV 20),2,2
R878,tankers_reports_2024_7.csv,2024-07-01,2024,7,,1,1,0,877,22,PEDDA AMBERPET (PD 1),1,1
R879,tankers_reports_2024_7.csv,2024-07-01,2024,7,,1,1,0,878,22,TURKAYAMJAL (PD 1),1,1
R880,tankers_reports_2024_7.csv,2024-07-01,2024,7,,1345,1345,0,879,23,BACHUPALLY (PD 7),1345,1345
R881,tankers_reports_2024_7.csv,2024-07-01,2024,7,,1,1,0,880,23,GANDIMAISAMMA (PD 7),1,1
R882,tankers_reports_2024_7.csv,2024-07-01,2024,7,,4880,4880,0,881,23,NIZAMPET (PD 7),4880,4880
R883,tankers_reports_2024_7.csv,2024-07-01,2024,7,,3523,3523,0,882,23,PRAGATHINAGAR (PD 7),3523,3523
R884,tankers_reports_2024_7.csv,2024-07-01,2024,7,,35,35,0,883,24,AMEENPUR (PD 8),35,35
R885,tankers_reports_2024_7.csv,2024-07-01,2024,7,,13,13,0,884,24,BEERAMGUDA (PD 8),13,13
R886,tankers_reports_2024_7.csv,2024-07-01,2024,7,,1,1,0,885,25,JAWAHARNAGAR (PD 3),1,1
R887,tankers_reports_2024_7.csv,2024-07-01,2024,7,,1,1,0,886,25,KOMPALLY (PD 7),1,1
R888,tankers_reports_2024_7.csv,2024-07-01,2024,7,,1,1,0,887,25,THOOMKUNTA (PD 3),1,1
R889,tankers_reports_2024_7.csv,2024-07-01,2024,7,,1,1,0,888,33,ALIABAD,1,1
R890,tankers_reports_2024_7.csv,2024-07-01,2024,7,,1,1,0,889,33,BALAPUR,1,1
R891,tankers_reports_2024_7.csv,2024-07-01,2024,7,,16,16,0,890,33,BANDLAGUDA  (DIV 2),16,16
R892,tankers_reports_2024_7.csv,2024-07-01,2024,7,,1,1,0,891,33,GOWLIPURA,1,1
R893,tankers_reports_2024_7.csv,2024-07-01,2024,7,,1,1,0,892,33,KANCHANBAGH,1,1
R894,tankers_reports_2024_7.csv,2024-07-01,2024,7,,3,3,0,893,33,MYSARAM,3,3
R895,tankers_reports_2024_7.csv,2024-07-01,2024,7,,2,2,0,894,33,RIYASATH NAGAR,2,2
R896,tankers_reports_2024_7.csv,2024-07-01,2024,7,,134,134,0,895,34,AUTONAGAR,134,134
R897,tankers_reports_2024_7.csv,2024-07-01,2024,7,,22,22,0,896,34,B.N.REDDY NAGAR,22,22
R898,tankers_reports_2024_7.csv,2024-07-01,2024,7,,49,49,0,897,34,KAMALANAGAR,49,49
R899,tankers_reports_2024_7.csv,2024-07-01,2024,7,,194,194,0,898,34,L.B.NAGAR,194,194
R900,tankers_reports_2024_7.csv,2024-07-01,2024,7,,553,553,0,899,34,MANSOORABAD,553,553
R901,tankers_reports_2024_7.csv,2024-07-01,2024,7,,10,10,0,900,34,NAGOLE,10,10
R902,tankers_reports_2024_7.csv,2024-07-01,2024,7,,52,52,0,901,34,NGO COLONY,52,52
R903,tankers_reports_2024_7.csv,2024-07-01,2024,7,,213,213,0,902,34,VANASTHALIPURAM (DIV 10),213,213
R904,tankers_reports_2024_8.csv,2024-08-01,2024,8,,11,11,0,903,1,BAHADURPURA,11,11
R905,tankers_reports_2024_8.csv,2024-08-01,2024,8,,5,5,0,904,1,CHANUDLAL BHARADARI,5,5
R906,tankers_reports_2024_8.csv,2024-08-01,2024,8,,13,13,0,905,1,DARUL SHIFA,13,13
R907,tankers_reports_2024_8.csv,2024-08-01,2024,8,,2,2,0,906,1,DHOOD BOWLI,2,2
R908,tankers_reports_2024_8.csv,2024-08-01,2024,8,,3,3,0,907,1,HASSAN NAGAR,3,3
R909,tankers_reports_2024_8.csv,2024-08-01,2024,8,,1,1,0,908,1,KISHAN BAGH,1,1
R910,tankers_reports_2024_8.csv,2024-08-01,2024,8,,2,2,0,909,1,M.R.G.FILTERS,2,2
R911,tankers_reports_2024_8.csv,2024-08-01,2024,8,,1,1,0,910,1,MISRIGUNJ,1,1
R912,tankers_reports_2024_8.csv,2024-08-01,2024,8,,2,2,0,911,1,MOGHULPURA,2,2
R913,tankers_reports_2024_8.csv,2024-08-01,2024,8,,2,2,0,912,1,VATTEPALLY,2,2
R914,tankers_reports_2024_8.csv,2024-08-01,2024,8,,73,73,0,913,2,ASMANGARH,73,73
R915,tankers_reports_2024_8.csv,2024-08-01,2024,8,,1,1,0,914,2,AZAMPURA,1,1
R916,tankers_reports_2024_8.csv,2024-08-01,2024,8,,8,8,0,915,2,CHANCHALGUDA,8,8
R917,tankers_reports_2024_8.csv,2024-08-01,2024,8,,4,4,0,916,2,MADANNAPET,4,4
R918,tankers_reports_2024_8.csv,2024-08-01,2024,8,,36,36,0,917,2,MALAKPET,36,36
R919,tankers_reports_2024_8.csv,2024-08-01,2024,8,,96,96,0,918,2,MOOSARAMBAGH,96,96
R920,tankers_reports_2024_8.csv,2024-08-01,2024,8,,74,74,0,919,2,SAIDABAD,74,74
R921,tankers_reports_2024_8.csv,2024-08-01,2024,8,,3,3,0,920,2,SANTOSHNAGAR,3,3
R922,tankers_reports_2024_8.csv,2024-08-01,2024,8,,13,13,0,921,2,VINAY NAGAR (DIV 2 (a)),13,13
R923,tankers_reports_2024_8.csv,2024-08-01,2024,8,,99,99,0,922,3,AHMED NAGAR,99,99
R924,tankers_reports_2024_8.csv,2024-08-01,2024,8,,40,40,0,923,3,ASIF NAGAR,40,40
R925,tankers_reports_2024_8.csv,2024-08-01,2024,8,,200,200,0,924,3,CHINTAL BASTHI,200,200
R926,tankers_reports_2024_8.csv,2024-08-01,2024,8,,4,4,0,925,3,GOLCONDA,4,4
R927,tankers_reports_2024_8.csv,2024-08-01,2024,8,,107,107,0,926,3,HAKEEMPET,107,107
R928,tankers_reports_2024_8.csv,2024-08-01,2024,8,,258,258,0,927,3,KAKATIYA NAGAR,258,258
R929,tankers_reports_2024_8.csv,2024-08-01,2024,8,,34,34,0,928,3,KARWAN,34,34
R930,tankers_reports_2024_8.csv,2024-08-01,2024,8,,18,18,0,929,3,LANGER HOUSE,18,18
R931,tankers_reports_2024_8.csv,2024-08-01,2024,8,,222,222,0,930,3,MEHIDIPATNAM,222,222
R932,tankers_reports_2024_8.csv,2024-08-01,2024,8,,33,33,0,931,3,OLD MALLEPALLY,33,33
R933,tankers_reports_2024_8.csv,2024-08-01,2024,8,,787,787,0,932,3,SHAIKPET,787,787
R934,tankers_reports_2024_8.csv,2024-08-01,2024,8,,11,11,0,933,3,TAPPA CHABUTRA,11,11
R935,tankers_reports_2024_8.csv,2024-08-01,2024,8,,329,329,0,934,3,TOLI CHOWK,329,329
R936,tankers_reports_2024_8.csv,2024-08-01,2024,8,,394,394,0,935,3,VIJAYNAGAR COLONY,394,394
R937,tankers_reports_2024_8.csv,2024-08-01,2024,8,,6,6,0,936,4,ALLABANDA,6,6
R938,tankers_reports_2024_8.csv,2024-08-01,2024,8,,23,23,0,937,4,GODE-KI-KABAR,23,23
R939,tankers_reports_2024_8.csv,2024-08-01,2024,8,,22,22,0,938,4,GOWLIGUDA,22,22
R940,tankers_reports_2024_8.csv,2024-08-01,2024,8,,199,199,0,939,4,GUNFOUNDRY,199,199
R941,tankers_reports_2024_8.csv,2024-08-01,2024,8,,54,54,0,940,4,HINDI NAGAR,54,54
R942,tankers_reports_2024_8.csv,2024-08-01,2024,8,,146,146,0,941,4,RED HILLS HIGH LEVEL,146,146
R943,tankers_reports_2024_8.csv,2024-08-01,2024,8,,37,37,0,942,4,RED HILLS LOW LEVEL,37,37
R944,tankers_reports_2024_8.csv,2024-08-01,2024,8,,58,58,0,943,4,SULTAN BAZAR,58,58
R945,tankers_reports_2024_8.csv,2024-08-01,2024,8,,4,4,0,944,4,ZIAGUDA,4,4
R946,tankers_reports_2024_8.csv,2024-08-01,2024,8,,54,54,0,945,5,ADIKMET,54,54
R947,tankers_reports_2024_8.csv,2024-08-01,2024,8,,11,11,0,946,5,AMBERPET,11,11
R948,tankers_reports_2024_8.csv,2024-08-01,2024,8,,299,299,0,947,5,AZAMABAD,299,299
R949,tankers_reports_2024_8.csv,2024-08-01,2024,8,,220,220,0,948,5,BAGH LINGAMPALLY,220,220
R950,tankers_reports_2024_8.csv,2024-08-01,2024,8,,161,161,0,949,5,BARKATPURA,161,161
R951,tankers_reports_2024_8.csv,2024-08-01,2024,8,,63,63,0,950,5,BOATS CLUB,63,63
R952,tankers_reports_2024_8.csv,2024-08-01,2024,8,,84,84,0,951,5,DOMALGUDA,84,84
R953,tankers_reports_2024_8.csv,2024-08-01,2024,8,,581,581,0,952,5,GANDHINAGAR,581,581
R954,tankers_reports_2024_8.csv,2024-08-01,2024,8,,134,134,0,953,5,MUSHEERABAD,134,134
R955,tankers_reports_2024_8.csv,2024-08-01,2024,8,,435,435,0,954,5,NARAYANGUDA,435,435
R956,tankers_reports_2024_8.csv,2024-08-01,2024,8,,174,174,0,955,5,SHIVAM,174,174
R957,tankers_reports_2024_8.csv,2024-08-01,2024,8,,39,39,0,956,5,VIGYANPURI,39,39
R958,tankers_reports_2024_8.csv,2024-08-01,2024,8,,1884,1884,0,957,6,BANJARA HILLS,1884,1884
R959,tankers_reports_2024_8.csv,2024-08-01,2024,8,,201,201,0,958,6,BORABANDA,201,201
R960,tankers_reports_2024_8.csv,2024-08-01,2024,8,,478,478,0,959,6,ERRAGADDA,478,478
R961,tankers_reports_2024_8.csv,2024-08-01,2024,8,,494,494,0,960,6,FATHENAGAR,494,494
R962,tankers_reports_2024_8.csv,2024-08-01,2024,8,,371,369,2,961,6,FILM NAGAR,371,369
R963,tankers_reports_2024_8.csv,2024-08-01,2024,8,,1794,1794,0,962,6,JUBILEE HILLS,1794,1794
R964,tankers_reports_2024_8.csv,2024-08-01,2024,8,,187,187,0,963,6,S.P.R HILLS,187,187
R965,tankers_reports_2024_8.csv,2024-08-01,2024,8,,2043,2043,0,964,6,S.R.NAGAR,2043,2043
R966,tankers_reports_2024_8.csv,2024-08-01,2024,8,,936,936,0,965,6,SOMAJIGUDA,936,936
R967,tankers_reports_2024_8.csv,2024-08-01,2024,8,,512,512,0,966,6,THATTIKHANA,512,512
R968,tankers_reports_2024_8.csv,2024-08-01,2024,8,,1077,1077,0,967,6,VENGALRAONAGAR,1077,1077
R969,tankers_reports_2024_8.csv,2024-08-01,2024,8,,660,660,0,968,6,YELLAREDDYGUDA,660,660
R970,tankers_reports_2024_8.csv,2024-08-01,2024,8,,57,57,0,969,7,BOIGUDA,57,57
R971,tankers_reports_2024_8.csv,2024-08-01,2024,8,,45,45,0,970,7,BOUDHANAGAR,45,45
R972,tankers_reports_2024_8.csv,2024-08-01,2024,8,,28,28,0,971,7,HUSSAINSAGAR,28,28
R973,tankers_reports_2024_8.csv,2024-08-01,2024,8,,15,15,0,972,7,LALAPET,15,15
R974,tankers_reports_2024_8.csv,2024-08-01,2024,8,,239,239,0,973,7,MARREDPALLY,239,239
R975,tankers_reports_2024_8.csv,2024-08-01,2024,8,,36,36,0,974,7,METTUGUDA,36,36
R976,tankers_reports_2024_8.csv,2024-08-01,2024,8,,37,37,0,975,7,NALLAGUTTA,37,37
R977,tankers_reports_2024_8.csv,2024-08-01,2024,8,,309,309,0,976,7,PRAKASHNAGAR,309,309
R978,tankers_reports_2024_8.csv,2024-08-01,2024,8,,94,94,0,977,7,REGIMENTAL BAZAR,94,94
R979,tankers_reports_2024_8.csv,2024-08-01,2024,8,,127,127,0,978,7,SEETHAPALMANDI,127,127
R980,tankers_reports_2024_8.csv,2024-08-01,2024,8,,176,176,0,979,7,SRINIVAS NAGAR,176,176
R981,tankers_reports_2024_8.csv,2024-08-01,2024,8,,544,544,0,980,7,TARNAKA,544,544
R982,tankers_reports_2024_8.csv,2024-08-01,2024,8,,2111,2111,0,981,9,BALAJINAGAR (DIV 9),2111,2111
R983,tankers_reports_2024_8.csv,2024-08-01,2024,8,,48,48,0,982,9,BALANAGAR,48,48
R984,tankers_reports_2024_8.csv,2024-08-01,2024,8,,1318,1318,0,983,9,BHAGYANAGAR,1318,1318
R985,tankers_reports_2024_8.csv,2024-08-01,2024,8,,36,36,0,984,9,BHARATHNAGAR,36,36
R986,tankers_reports_2024_8.csv,2024-08-01,2024,8,,1129,1129,0,985,9,GAYATRI NAGAR,1129,1129
R987,tankers_reports_2024_8.csv,2024-08-01,2024,8,,494,494,0,986,9,HASMATHPET,494,494
R988,tankers_reports_2024_8.csv,2024-08-01,2024,8,,1970,1969,1,987,9,KPHB,1970,1969
R989,tankers_reports_2024_8.csv,2024-08-01,2024,8,,193,193,0,988,9,KUKATPALLY,193,193
R990,tankers_reports_2024_8.csv,2024-08-01,2024,8,,115,115,0,989,9,MOOSAPET,115,115
R991,tankers_reports_2024_8.csv,2024-08-01,2024,8,,311,311,0,990,9,MOTI NAGAR,311,311
R992,tankers_reports_2024_8.csv,2024-08-01,2024,8,,149,149,0,991,9,VIVEKANANDA NAGAR,149,149
R993,tankers_reports_2024_8.csv,2024-08-01,2024,8,,378,378,0,992,9,YELLAMMABANDA,378,378
R994,tankers_reports_2024_8.csv,2024-08-01,2024,8,,829,829,0,993,10,ALKAPURI,829,829
R995,tankers_reports_2024_8.csv,2024-08-01,2024,8,,104,104,0,994,10,DILSHUKNAGAR,104,104
R996,tankers_reports_2024_8.csv,2024-08-01,2024,8,,55,55,0,995,10,KOTHAPETA,55,55
R997,tankers_reports_2024_8.csv,2024-08-01,2024,8,,104,104,0,996,10,LINGOJIGUDA,104,104
R998,tankers_reports_2024_8.csv,2024-08-01,2024,8,,289,289,0,997,10,MARUTHINAGAR (DIV 10),289,289
R999,tankers_reports_2024_8.csv,2024-08-01,2024,8,,205,205,0,998,10,SAHEBNAGAR (DIV 10),205,205
R1000,tankers_reports_2024_8.csv,2024-08-01,2024,8,,339,339,0,999,10,SAROORNAGAR,339,339
R1001,tankers_reports_2024_8.csv,2024-08-01,2024,8,,156,156,0,1000,10,VAISHALINAGAR (DIV 10),156,156
R1002,tankers_reports_2024_8.csv,2024-08-01,2024,8,,28,28,0,1001,12,ADARSHNAGAR,28,28
R1003,tankers_reports_2024_8.csv,2024-08-01,2024,8,,21,21,0,1002,12,Bhagatsingh Nagar,21,21
R1004,tankers_reports_2024_8.csv,2024-08-01,2024,8,,110,110,0,1003,12,CHINTAL,110,110
R1005,tankers_reports_2024_8.csv,2024-08-01,2024,8,,567,567,0,1004,12,GAJULARAMARAM,567,567
R1006,tankers_reports_2024_8.csv,2024-08-01,2024,8,,86,86,0,1005,12,JEEDIMETLA,86,86
R1007,tankers_reports_2024_8.csv,2024-08-01,2024,8,,57,57,0,1006,12,Jagathgirigutta,57,57
R1008,tankers_reports_2024_8.csv,2024-08-01,2024,8,,343,343,0,1007,12,SHAPOORNAGAR,343,343
R1009,tankers_reports_2024_8.csv,2024-08-01,2024,8,,153,153,0,1008,12,SURARAM,153,153
R1010,tankers_reports_2024_8.csv,2024-08-01,2024,8,,304,304,0,1009,12,USHODAYA,304,304
R1011,tankers_reports_2024_8.csv,2024-08-01,2024,8,,499,499,0,1010,12,suchitra,499,499
R1012,tankers_reports_2024_8.csv,2024-08-01,2024,8,,45,45,0,1011,13,ALWAL (Div13),45,45
R1013,tankers_reports_2024_8.csv,2024-08-01,2024,8,,285,285,0,1012,13,CHANUKYAPURI,285,285
R1014,tankers_reports_2024_8.csv,2024-08-01,2024,8,,132,132,0,1013,13,DEFENCE COLONY,132,132
R1015,tankers_reports_2024_8.csv,2024-08-01,2024,8,,447,447,0,1014,13,FATHER BALAIAHNAGAR (Div13),447,447
R1016,tankers_reports_2024_8.csv,2024-08-01,2024,8,,375,375,0,1015,13,GOWTHAM NAGAR,375,375
R1017,tankers_reports_2024_8.csv,2024-08-01,2024,8,,99,99,0,1016,13,MACHABOLLARAM,99,99
R1018,tankers_reports_2024_8.csv,2024-08-01,2024,8,,348,348,0,1017,13,SAINATHPURAM,348,348
R1019,tankers_reports_2024_8.csv,2024-08-01,2024,8,,78,78,0,1018,13,VAJPAYEE NAGAR,78,78
R1020,tankers_reports_2024_8.csv,2024-08-01,2024,8,,133,133,0,1019,13,VENKATAPURAM,133,133
R1021,tankers_reports_2024_8.csv,2024-08-01,2024,8,,133,133,0,1020,13,YAPRAL (Div13),133,133
R1022,tankers_reports_2024_8.csv,2024-08-01,2024,8,,27,27,0,1021,14,CHERLAPALLY,27,27
R1023,tankers_reports_2024_8.csv,2024-08-01,2024,8,,65,65,0,1022,14,HOUSING BOARD,65,65
R1024,tankers_reports_2024_8.csv,2024-08-01,2024,8,,249,249,0,1023,14,HUBSIGUDA,249,249
R1025,tankers_reports_2024_8.csv,2024-08-01,2024,8,,119,119,0,1024,14,NACHARAM,119,119
R1026,tankers_reports_2024_8.csv,2024-08-01,2024,8,,110,110,0,1025,14,RADHIKA,110,110
R1027,tankers_reports_2024_8.csv,2024-08-01,2024,8,,121,121,0,1026,14,RAMANTHAPUR(DIV 14),121,121
R1028,tankers_reports_2024_8.csv,2024-08-01,2024,8,,190,190,0,1027,14,SAIBABA NAGAR,190,190
R1029,tankers_reports_2024_8.csv,2024-08-01,2024,8,,71,71,0,1028,14,UPPAL,71,71
R1030,tankers_reports_2024_8.csv,2024-08-01,2024,8,,410,410,0,1029,15,CHANDA NAGAR,410,410
R1031,tankers_reports_2024_8.csv,2024-08-01,2024,8,,479,479,0,1030,15,DEEPTHISRI NAGAR (DIV 15),479,479
R1032,tankers_reports_2024_8.csv,2024-08-01,2024,8,,959,958,1,1031,15,Doyens section,959,958
R1033,tankers_reports_2024_8.csv,2024-08-01,2024,8,,2428,2428,0,1032,15,GACHIBOWLI (DIV 15),2428,2428
R1034,tankers_reports_2024_8.csv,2024-08-01,2024,8,,3090,3090,0,1033,15,HAFEEZPET (DIV 15),3090,3090
R1035,tankers_reports_2024_8.csv,2024-08-01,2024,8,,5750,5750,0,1034,15,KONDAPUR (DIV 15),5750,5750
R1036,tankers_reports_2024_8.csv,2024-08-01,2024,8,,7257,7257,0,1035,15,MADHAPUR,7257,7257
R1037,tankers_reports_2024_8.csv,2024-08-01,2024,8,,620,620,0,1036,15,MIYAPUR,620,620
R1038,tankers_reports_2024_8.csv,2024-08-01,2024,8,,33,33,0,1037,15,NALLAGANDLA (DIV 15),33,33
R1039,tankers_reports_2024_8.csv,2024-08-01,2024,8,,12,12,0,1038,15,RAMACHANDRAPURAM,12,12
R1040,tankers_reports_2024_8.csv,2024-08-01,2024,8,,233,233,0,1039,16,ATTAPUR,233,233
R1041,tankers_reports_2024_8.csv,2024-08-01,2024,8,,114,114,0,1040,16,BUDVEL (DIV16),114,114
R1042,tankers_reports_2024_8.csv,2024-08-01,2024,8,,1070,1070,0,1041,16,HYDERGUDA,1070,1070
R1043,tankers_reports_2024_8.csv,2024-08-01,2024,8,,33,33,0,1042,16,KATEDAN,33,33
R1044,tankers_reports_2024_8.csv,2024-08-01,2024,8,,50,50,0,1043,16,MAILERDEV PALLY,50,50
R1045,tankers_reports_2024_8.csv,2024-08-01,2024,8,,104,104,0,1044,16,SULEMAN NAGAR,104,104
R1046,tankers_reports_2024_8.csv,2024-08-01,2024,8,,4310,4309,1,1045,18,KISMATHPUR (DIV 18),4310,4309
R1047,tankers_reports_2024_8.csv,2024-08-01,2024,8,,6235,6235,0,1046,18,MANIKONDA (DIV 18),6235,6235
R1048,tankers_reports_2024_8.csv,2024-08-01,2024,8,,113,113,0,1047,19,BODUPPAL (DIV 19),113,113
R1049,tankers_reports_2024_8.csv,2024-08-01,2024,8,,1,1,0,1048,19,NAGARAM (DIV 19),1,1
R1050,tankers_reports_2024_8.csv,2024-08-01,2024,8,,557,557,0,1049,19,PEERJADIGUDA (DIV 19),557,557
R1051,tankers_reports_2024_8.csv,2024-08-01,2024,8,,17,17,0,1050,20,BADANGPET  (DIV 20),17,17
R1052,tankers_reports_2024_8.csv,2024-08-01,2024,8,,13,13,0,1051,20,JILLELAGUDA (DIV 20),13,13
R1053,tankers_reports_2024_8.csv,2024-08-01,2024,8,,90,90,0,1052,20,MEERPET (DIV 20),90,90
R1054,tankers_reports_2024_8.csv,2024-08-01,2024,8,,3,3,0,1053,20,SHAMSHABAD (DIV 20),3,3
R1055,tankers_reports_2024_8.csv,2024-08-01,2024,8,,2,2,0,1054,22,TURKAYAMJAL (PD 1),2,2
R1056,tankers_reports_2024_8.csv,2024-08-01,2024,8,,762,762,0,1055,23,BACHUPALLY (PD 7),762,762
R1057,tankers_reports_2024_8.csv,2024-08-01,2024,8,,2,2,0,1056,23,GANDIMAISAMMA (PD 7),2,2
R1058,tankers_reports_2024_8.csv,2024-08-01,2024,8,,2823,2823,0,1057,23,NIZAMPET (PD 7),2823,2823
R1059,tankers_reports_2024_8.csv,2024-08-01,2024,8,,2492,2492,0,1058,23,PRAGATHINAGAR (PD 7),2492,2492
R1060,tankers_reports_2024_8.csv,2024-08-01,2024,8,,23,23,0,1059,24,AMEENPUR (PD 8),23,23
R1061,tankers_reports_2024_8.csv,2024-08-01,2024,8,,4,4,0,1060,24,BEERAMGUDA (PD 8),4,4
R1062,tankers_reports_2024_8.csv,2024-08-01,2024,8,,1,1,0,1061,24,BOLLARAM (PD 8),1,1
R1063,tankers_reports_2024_8.csv,2024-08-01,2024,8,,2,2,0,1062,25,JAWAHARNAGAR (PD 3),2,2
R1064,tankers_reports_2024_8.csv,2024-08-01,2024,8,,1,1,0,1063,33,ALIABAD,1,1
R1065,tankers_reports_2024_8.csv,2024-08-01,2024,8,,1,1,0,1064,33,BALAPUR,1,1
R1066,tankers_reports_2024_8.csv,2024-08-01,2024,8,,18,18,0,1065,33,BANDLAGUDA  (DIV 2),18,18
R1067,tankers_reports_2024_8.csv,2024-08-01,2024,8,,2,2,0,1066,33,GOWLIPURA,2,2
R1068,tankers_reports_2024_8.csv,2024-08-01,2024,8,,4,4,0,1067,33,KANCHANBAGH,4,4
R1069,tankers_reports_2024_8.csv,2024-08-01,2024,8,,2,2,0,1068,33,MYSARAM,2,2
R1070,tankers_reports_2024_8.csv,2024-08-01,2024,8,,1,1,0,1069,33,RIYASATH NAGAR,1,1
R1071,tankers_reports_2024_8.csv,2024-08-01,2024,8,,128,128,0,1070,34,AUTONAGAR,128,128
R1072,tankers_reports_2024_8.csv,2024-08-01,2024,8,,21,21,0,1071,34,B.N.REDDY NAGAR,21,21
R1073,tankers_reports_2024_8.csv,2024-08-01,2024,8,,48,48,0,1072,34,KAMALANAGAR,48,48
R1074,tankers_reports_2024_8.csv,2024-08-01,2024,8,,143,143,0,1073,34,L.B.NAGAR,143,143
R1075,tankers_reports_2024_8.csv,2024-08-01,2024,8,,387,387,0,1074,34,MANSOORABAD,387,387
R1076,tankers_reports_2024_8.csv,2024-08-01,2024,8,,9,9,0,1075,34,NAGOLE,9,9
R1077,tankers_reports_2024_8.csv,2024-08-01,2024,8,,69,69,0,1076,34,NGO COLONY,69,69
R1078,tankers_reports_2024_8.csv,2024-08-01,2024,8,,199,199,0,1077,34,VANASTHALIPURAM (DIV 10),199,199
